scen,num_agents,solver,LoS,solved,comp_time,ftime,simple_ftime,map_size,resolution,num_buildings,building_base_size

16,2,Theta*,False,True,0.63,19.12,19.12,"(1000, 1000, 150)",100.0,5,15
14,2,Theta*,False,True,0.68,41.3,41.3,"(1000, 1000, 150)",100.0,5,15
9,2,Theta*,False,True,1.45,24.75,64.41,"(1000, 1000, 150)",100.0,5,15
13,2,Theta*,False,True,1.86,13.4,22.21,"(1000, 1000, 150)",100.0,5,15
3,2,Theta*,False,True,2.2,13.0,12.42,"(1000, 1000, 150)",100.0,5,15
22,2,Theta*,False,True,0.72,43.14,43.14,"(1000, 1000, 150)",100.0,5,15
4,2,Theta*,False,True,3.12,49.66,53.37,"(1000, 1000, 150)",100.0,5,15
1,2,Theta*,False,True,3.38,22.56,37.37,"(1000, 1000, 150)",100.0,5,15
12,2,Theta*,False,True,3.14,21.28,61.87,"(1000, 1000, 150)",100.0,5,15
8,2,Theta*,False,True,3.29,35.46,37.24,"(1000, 1000, 150)",100.0,5,15
11,2,Theta*,False,True,3.37,30.87,47.96,"(1000, 1000, 150)",100.0,5,15
19,2,Theta*,False,True,3.48,20.03,36.66,"(1000, 1000, 150)",100.0,5,15
6,2,Theta*,False,True,3.89,41.39,92.03,"(1000, 1000, 150)",100.0,5,15
5,2,Theta*,False,True,4.29,15.61,21.19,"(1000, 1000, 150)",100.0,5,15
15,2,Theta*,False,True,4.36,17.38,35.39,"(1000, 1000, 150)",100.0,5,15
17,2,Theta*,False,True,4.49,27.85,45.69,"(1000, 1000, 150)",100.0,5,15
31,2,Theta*,False,True,0.57,22.94,22.94,"(1000, 1000, 150)",100.0,5,15
24,2,Theta*,False,True,2.54,29.76,29.68,"(1000, 1000, 150)",100.0,5,15
20,2,Theta*,False,True,4.11,31.8,42.79,"(1000, 1000, 150)",100.0,5,15
7,2,Theta*,False,True,6.44,23.54,33.45,"(1000, 1000, 150)",100.0,5,15
21,2,Theta*,False,True,5.22,19.68,56.67,"(1000, 1000, 150)",100.0,5,15
2,2,Theta*,False,True,6.94,23.39,34.83,"(1000, 1000, 150)",100.0,5,15
0,2,Theta*,False,True,7.1,26.27,25.98,"(1000, 1000, 150)",100.0,5,15
10,2,Theta*,False,True,7.04,20.88,51.02,"(1000, 1000, 150)",100.0,5,15
23,2,Theta*,False,True,4.97,33.35,37.88,"(1000, 1000, 150)",100.0,5,15
32,2,Theta*,False,True,2.99,25.9,36.88,"(1000, 1000, 150)",100.0,5,15
18,2,Theta*,False,True,8.34,18.71,46.46,"(1000, 1000, 150)",100.0,5,15
35,2,Theta*,False,True,3.79,15.93,15.96,"(1000, 1000, 150)",100.0,5,15
40,2,Theta*,False,True,1.08,23.0,23.0,"(1000, 1000, 150)",100.0,5,15
34,2,Theta*,False,True,5.65,18.82,35.52,"(1000, 1000, 150)",100.0,5,15
47,2,Theta*,False,True,0.96,26.26,26.26,"(1000, 1000, 150)",100.0,5,15
33,2,Theta*,False,True,6.32,25.78,54.03,"(1000, 1000, 150)",100.0,5,15
36,2,Theta*,False,True,6.48,12.57,34.2,"(1000, 1000, 150)",100.0,5,15
45,2,Theta*,False,True,3.44,21.54,22.05,"(1000, 1000, 150)",100.0,5,15
25,2,Theta*,False,True,8.81,22.56,30.58,"(1000, 1000, 150)",100.0,5,15
27,2,Theta*,False,True,8.56,30.95,36.41,"(1000, 1000, 150)",100.0,5,15
54,2,Theta*,False,True,1.02,21.49,21.49,"(1000, 1000, 150)",100.0,5,15
30,2,Theta*,False,True,10.63,30.32,41.04,"(1000, 1000, 150)",100.0,5,15
44,2,Theta*,False,True,6.47,29.67,40.86,"(1000, 1000, 150)",100.0,5,15
26,2,Theta*,False,True,11.47,59.84,71.73,"(1000, 1000, 150)",100.0,5,15
42,2,Theta*,False,True,7.26,18.72,41.73,"(1000, 1000, 150)",100.0,5,15
48,2,Theta*,False,True,5.14,23.01,39.81,"(1000, 1000, 150)",100.0,5,15
57,2,Theta*,False,True,1.0,18.17,18.17,"(1000, 1000, 150)",100.0,5,15
28,2,Theta*,False,True,13.35,36.35,70.13,"(1000, 1000, 150)",100.0,5,15
37,2,Theta*,False,True,11.69,24.03,32.13,"(1000, 1000, 150)",100.0,5,15
41,2,Theta*,False,True,9.94,20.64,40.32,"(1000, 1000, 150)",100.0,5,15
38,2,Theta*,False,True,11.94,24.94,48.17,"(1000, 1000, 150)",100.0,5,15
53,2,Theta*,False,True,4.46,15.34,27.65,"(1000, 1000, 150)",100.0,5,15
39,2,Theta*,False,True,10.69,28.06,40.24,"(1000, 1000, 150)",100.0,5,15
43,2,Theta*,False,True,10.94,17.03,63.21,"(1000, 1000, 150)",100.0,5,15
51,2,Theta*,False,True,6.83,12.43,37.13,"(1000, 1000, 150)",100.0,5,15
56,2,Theta*,False,True,3.7,18.87,18.93,"(1000, 1000, 150)",100.0,5,15
29,2,Theta*,False,True,15.64,27.02,43.93,"(1000, 1000, 150)",100.0,5,15
66,2,Theta*,False,True,0.95,35.93,35.93,"(1000, 1000, 150)",100.0,5,15
49,2,Theta*,False,True,8.13,13.03,22.1,"(1000, 1000, 150)",100.0,5,15
52,2,Theta*,False,True,7.03,19.3,47.63,"(1000, 1000, 150)",100.0,5,15
55,2,Theta*,False,True,6.71,22.09,42.69,"(1000, 1000, 150)",100.0,5,15
46,2,Theta*,False,True,11.01,23.13,43.82,"(1000, 1000, 150)",100.0,5,15
69,2,Theta*,False,True,1.25,40.7,40.7,"(1000, 1000, 150)",100.0,5,15
71,2,Theta*,False,True,0.96,18.08,18.08,"(1000, 1000, 150)",100.0,5,15
73,2,Theta*,False,True,0.86,28.38,28.38,"(1000, 1000, 150)",100.0,5,15
59,2,Theta*,False,True,5.71,34.48,34.93,"(1000, 1000, 150)",100.0,5,15
64,2,Theta*,False,True,4.06,14.64,73.24,"(1000, 1000, 150)",100.0,5,15
67,2,Theta*,False,True,3.48,24.2,32.64,"(1000, 1000, 150)",100.0,5,15
62,2,Theta*,False,True,5.06,44.33,49.95,"(1000, 1000, 150)",100.0,5,15
63,2,Theta*,False,True,5.99,19.34,44.91,"(1000, 1000, 150)",100.0,5,15
70,2,Theta*,False,True,4.33,13.54,34.96,"(1000, 1000, 150)",100.0,5,15
80,2,Theta*,False,True,2.07,10.76,27.38,"(1000, 1000, 150)",100.0,5,15
84,2,Theta*,False,True,0.92,10.64,10.64,"(1000, 1000, 150)",100.0,5,15
58,2,Theta*,False,True,9.81,20.46,41.17,"(1000, 1000, 150)",100.0,5,15
60,2,Theta*,False,True,10.28,31.81,31.79,"(1000, 1000, 150)",100.0,5,15
68,2,Theta*,False,True,7.6,23.74,30.44,"(1000, 1000, 150)",100.0,5,15
86,2,Theta*,False,True,2.25,33.96,59.69,"(1000, 1000, 150)",100.0,5,15
91,2,Theta*,False,True,2.14,37.08,37.06,"(1000, 1000, 150)",100.0,5,15
50,2,Theta*,False,True,18.2,30.19,44.22,"(1000, 1000, 150)",100.0,5,15
61,2,Theta*,False,True,14.21,29.7,46.88,"(1000, 1000, 150)",100.0,5,15
76,2,Theta*,False,True,9.23,28.04,35.72,"(1000, 1000, 150)",100.0,5,15
74,2,Theta*,False,True,9.87,31.48,46.25,"(1000, 1000, 150)",100.0,5,15
72,2,Theta*,False,True,10.85,26.49,58.41,"(1000, 1000, 150)",100.0,5,15
77,2,Theta*,False,True,9.8,28.74,33.01,"(1000, 1000, 150)",100.0,5,15
83,2,Theta*,False,True,8.87,24.01,39.58,"(1000, 1000, 150)",100.0,5,15
95,2,Theta*,False,True,0.96,15.57,15.57,"(1000, 1000, 150)",100.0,5,15
81,2,Theta*,False,True,9.79,17.49,37.46,"(1000, 1000, 150)",100.0,5,15
85,2,Theta*,False,True,7.72,14.73,14.7,"(1000, 1000, 150)",100.0,5,15
79,2,Theta*,False,True,10.78,27.05,44.77,"(1000, 1000, 150)",100.0,5,15
65,2,Theta*,False,True,15.7,29.26,49.08,"(1000, 1000, 150)",100.0,5,15
102,2,Theta*,False,True,0.76,22.18,22.18,"(1000, 1000, 150)",100.0,5,15
101,2,Theta*,False,True,1.01,31.79,31.79,"(1000, 1000, 150)",100.0,5,15
75,2,Theta*,False,True,13.51,32.43,37.92,"(1000, 1000, 150)",100.0,5,15
90,2,Theta*,False,True,7.35,31.35,46.92,"(1000, 1000, 150)",100.0,5,15
93,2,Theta*,False,True,5.2,38.25,38.22,"(1000, 1000, 150)",100.0,5,15
96,2,Theta*,False,True,4.75,33.0,43.71,"(1000, 1000, 150)",100.0,5,15
87,2,Theta*,False,True,10.27,14.61,42.16,"(1000, 1000, 150)",100.0,5,15
107,2,Theta*,False,True,0.81,32.71,32.71,"(1000, 1000, 150)",100.0,5,15
106,2,Theta*,False,True,0.99,23.42,23.42,"(1000, 1000, 150)",100.0,5,15
104,2,Theta*,False,True,3.65,17.67,27.64,"(1000, 1000, 150)",100.0,5,15
103,2,Theta*,False,True,4.21,28.64,45.33,"(1000, 1000, 150)",100.0,5,15
78,2,Theta*,False,True,16.59,38.52,44.74,"(1000, 1000, 150)",100.0,5,15
113,2,Theta*,False,True,1.07,28.39,28.39,"(1000, 1000, 150)",100.0,5,15
100,2,Theta*,False,True,5.83,16.26,33.18,"(1000, 1000, 150)",100.0,5,15
99,2,Theta*,False,True,7.6,29.24,35.91,"(1000, 1000, 150)",100.0,5,15
115,2,Theta*,False,True,1.06,17.98,17.98,"(1000, 1000, 150)",100.0,5,15
98,2,Theta*,False,True,8.79,30.05,55.86,"(1000, 1000, 150)",100.0,5,15
105,2,Theta*,False,True,6.26,22.9,41.18,"(1000, 1000, 150)",100.0,5,15
88,2,Theta*,False,True,16.11,52.11,51.98,"(1000, 1000, 150)",100.0,5,15
109,2,Theta*,False,True,8.19,18.69,52.94,"(1000, 1000, 150)",100.0,5,15
121,2,Theta*,False,True,2.86,30.0,29.81,"(1000, 1000, 150)",100.0,5,15
124,2,Theta*,False,True,1.01,29.36,29.36,"(1000, 1000, 150)",100.0,5,15
89,2,Theta*,False,True,18.25,38.78,81.43,"(1000, 1000, 150)",100.0,5,15
94,2,Theta*,False,True,13.93,33.27,131.51,"(1000, 1000, 150)",100.0,5,15
117,2,Theta*,False,True,5.85,20.99,36.71,"(1000, 1000, 150)",100.0,5,15
110,2,Theta*,False,True,9.7,25.35,50.95,"(1000, 1000, 150)",100.0,5,15
92,2,Theta*,False,True,18.17,19.88,40.73,"(1000, 1000, 150)",100.0,5,15
122,2,Theta*,False,True,4.88,16.37,16.25,"(1000, 1000, 150)",100.0,5,15
82,2,Theta*,False,True,24.27,38.32,72.03,"(1000, 1000, 150)",100.0,5,15
120,2,Theta*,False,True,7.21,19.49,29.14,"(1000, 1000, 150)",100.0,5,15
108,2,Theta*,False,True,13.07,33.61,71.28,"(1000, 1000, 150)",100.0,5,15
97,2,Theta*,False,True,17.62,27.77,53.15,"(1000, 1000, 150)",100.0,5,15
111,2,Theta*,False,True,12.85,32.9,59.02,"(1000, 1000, 150)",100.0,5,15
118,2,Theta*,False,True,10.21,18.06,39.41,"(1000, 1000, 150)",100.0,5,15
135,2,Theta*,False,True,1.05,28.27,28.27,"(1000, 1000, 150)",100.0,5,15
129,2,Theta*,False,True,6.41,19.94,26.8,"(1000, 1000, 150)",100.0,5,15
134,2,Theta*,False,True,4.02,31.39,31.32,"(1000, 1000, 150)",100.0,5,15
131,2,Theta*,False,True,4.6,20.07,30.54,"(1000, 1000, 150)",100.0,5,15
112,2,Theta*,False,True,15.79,41.03,48.66,"(1000, 1000, 150)",100.0,5,15
125,2,Theta*,False,True,8.4,40.1,55.62,"(1000, 1000, 150)",100.0,5,15
132,2,Theta*,False,True,5.51,14.67,21.92,"(1000, 1000, 150)",100.0,5,15
128,2,Theta*,False,True,9.28,43.2,78.08,"(1000, 1000, 150)",100.0,5,15
139,2,Theta*,False,True,3.82,59.42,130.97,"(1000, 1000, 150)",100.0,5,15
114,2,Theta*,False,True,17.84,31.12,60.35,"(1000, 1000, 150)",100.0,5,15
130,2,Theta*,False,True,8.63,22.46,32.04,"(1000, 1000, 150)",100.0,5,15
133,2,Theta*,False,True,7.83,21.35,21.01,"(1000, 1000, 150)",100.0,5,15
140,2,Theta*,False,True,4.67,29.79,32.3,"(1000, 1000, 150)",100.0,5,15
127,2,Theta*,False,True,10.95,44.07,80.32,"(1000, 1000, 150)",100.0,5,15
116,2,Theta*,False,True,18.28,26.29,40.38,"(1000, 1000, 150)",100.0,5,15
137,2,Theta*,False,True,7.54,52.64,70.58,"(1000, 1000, 150)",100.0,5,15
126,2,Theta*,False,True,13.21,25.42,56.3,"(1000, 1000, 150)",100.0,5,15
141,2,Theta*,False,True,5.2,28.61,38.18,"(1000, 1000, 150)",100.0,5,15
144,2,Theta*,False,True,4.48,14.14,36.48,"(1000, 1000, 150)",100.0,5,15
123,2,Theta*,False,True,17.18,55.54,55.34,"(1000, 1000, 150)",100.0,5,15
138,2,Theta*,False,True,8.76,29.39,41.67,"(1000, 1000, 150)",100.0,5,15
149,2,Theta*,False,True,3.64,14.26,14.68,"(1000, 1000, 150)",100.0,5,15
156,2,Theta*,False,True,0.88,39.95,39.95,"(1000, 1000, 150)",100.0,5,15
150,2,Theta*,False,True,5.12,22.17,22.08,"(1000, 1000, 150)",100.0,5,15
161,2,Theta*,False,True,0.73,33.86,33.86,"(1000, 1000, 150)",100.0,5,15
154,2,Theta*,False,True,3.78,25.21,32.86,"(1000, 1000, 150)",100.0,5,15
162,2,Theta*,False,True,1.48,16.11,34.18,"(1000, 1000, 150)",100.0,5,15
145,2,Theta*,False,True,8.32,32.53,72.02,"(1000, 1000, 150)",100.0,5,15
146,2,Theta*,False,True,8.56,29.75,50.16,"(1000, 1000, 150)",100.0,5,15
142,2,Theta*,False,True,10.2,29.83,38.47,"(1000, 1000, 150)",100.0,5,15
163,2,Theta*,False,True,1.45,25.31,25.14,"(1000, 1000, 150)",100.0,5,15
153,2,Theta*,False,True,6.68,22.65,24.75,"(1000, 1000, 150)",100.0,5,15
148,2,Theta*,False,True,7.86,26.55,39.41,"(1000, 1000, 150)",100.0,5,15
157,2,Theta*,False,True,6.07,21.53,38.01,"(1000, 1000, 150)",100.0,5,15
136,2,Theta*,False,True,16.56,15.41,44.26,"(1000, 1000, 150)",100.0,5,15
171,2,Theta*,False,True,1.47,18.9,19.16,"(1000, 1000, 150)",100.0,5,15
143,2,Theta*,False,True,12.82,31.23,50.09,"(1000, 1000, 150)",100.0,5,15
170,2,Theta*,False,True,2.43,16.41,21.8,"(1000, 1000, 150)",100.0,5,15
155,2,Theta*,False,True,8.07,21.12,37.11,"(1000, 1000, 150)",100.0,5,15
119,2,Theta*,False,True,26.82,32.8,42.85,"(1000, 1000, 150)",100.0,5,15
169,2,Theta*,False,True,2.93,40.39,49.64,"(1000, 1000, 150)",100.0,5,15
151,2,Theta*,False,True,10.77,25.84,53.05,"(1000, 1000, 150)",100.0,5,15
178,2,Theta*,False,True,0.65,27.27,27.27,"(1000, 1000, 150)",100.0,5,15
158,2,Theta*,False,True,8.81,37.15,40.6,"(1000, 1000, 150)",100.0,5,15
182,2,Theta*,False,True,0.56,23.07,23.07,"(1000, 1000, 150)",100.0,5,15
168,2,Theta*,False,True,5.46,33.64,45.07,"(1000, 1000, 150)",100.0,5,15
164,2,Theta*,False,True,7.09,35.86,76.43,"(1000, 1000, 150)",100.0,5,15
180,2,Theta*,False,True,1.98,43.3,49.16,"(1000, 1000, 150)",100.0,5,15
179,2,Theta*,False,True,2.91,27.13,30.72,"(1000, 1000, 150)",100.0,5,15
175,2,Theta*,False,True,4.24,31.4,39.58,"(1000, 1000, 150)",100.0,5,15
167,2,Theta*,False,True,7.98,30.21,44.83,"(1000, 1000, 150)",100.0,5,15
165,2,Theta*,False,True,8.47,41.06,58.64,"(1000, 1000, 150)",100.0,5,15
166,2,Theta*,False,True,7.85,22.28,59.59,"(1000, 1000, 150)",100.0,5,15
147,2,Theta*,False,True,15.55,22.34,53.2,"(1000, 1000, 150)",100.0,5,15
177,2,Theta*,False,True,4.22,18.85,24.35,"(1000, 1000, 150)",100.0,5,15
188,2,Theta*,False,True,0.81,17.59,17.59,"(1000, 1000, 150)",100.0,5,15
159,2,Theta*,False,True,11.69,34.39,62.07,"(1000, 1000, 150)",100.0,5,15
173,2,Theta*,False,True,5.86,28.32,56.94,"(1000, 1000, 150)",100.0,5,15
191,2,Theta*,False,True,0.67,21.62,21.62,"(1000, 1000, 150)",100.0,5,15
186,2,Theta*,False,True,2.7,22.18,37.19,"(1000, 1000, 150)",100.0,5,15
181,2,Theta*,False,True,4.66,27.72,27.7,"(1000, 1000, 150)",100.0,5,15
192,2,Theta*,False,True,0.98,20.42,20.42,"(1000, 1000, 150)",100.0,5,15
195,2,Theta*,False,True,0.54,24.91,24.91,"(1000, 1000, 150)",100.0,5,15
174,2,Theta*,False,True,6.82,19.41,39.88,"(1000, 1000, 150)",100.0,5,15
198,2,Theta*,False,True,0.66,24.39,24.39,"(1000, 1000, 150)",100.0,5,15
189,2,Theta*,False,True,2.23,16.6,16.59,"(1000, 1000, 150)",100.0,5,15
190,2,Theta*,False,True,2.77,13.25,62.31,"(1000, 1000, 150)",100.0,5,15
183,2,Theta*,False,True,5.57,22.81,37.37,"(1000, 1000, 150)",100.0,5,15
199,2,Theta*,False,True,1.58,20.94,82.48,"(1000, 1000, 150)",100.0,5,15
187,2,Theta*,False,True,4.7,13.63,67.78,"(1000, 1000, 150)",100.0,5,15
193,2,Theta*,False,True,3.29,19.93,19.77,"(1000, 1000, 150)",100.0,5,15
185,2,Theta*,False,True,5.19,32.96,40.03,"(1000, 1000, 150)",100.0,5,15
152,2,Theta*,False,True,18.05,22.43,56.64,"(1000, 1000, 150)",100.0,5,15
194,2,Theta*,False,True,4.35,25.71,34.54,"(1000, 1000, 150)",100.0,5,15
176,2,Theta*,False,True,10.33,32.1,87.04,"(1000, 1000, 150)",100.0,5,15
160,2,Theta*,False,True,16.2,28.86,57.78,"(1000, 1000, 150)",100.0,5,15
172,2,Theta*,False,True,13.05,31.74,52.97,"(1000, 1000, 150)",100.0,5,15
196,2,Theta*,False,True,5.61,21.88,40.9,"(1000, 1000, 150)",100.0,5,15
184,2,Theta*,False,True,10.58,21.26,49.83,"(1000, 1000, 150)",100.0,5,15
197,2,Theta*,False,True,18.28,37.74,70.95,"(1000, 1000, 150)",100.0,5,15
15,4,Theta*,False,True,1.78,48.28,48.28,"(1000, 1000, 150)",100.0,5,15
6,4,Theta*,False,True,2.26,43.37,59.37,"(1000, 1000, 150)",100.0,5,15
4,4,Theta*,False,True,2.41,67.8,87.83,"(1000, 1000, 150)",100.0,5,15
7,4,Theta*,False,True,3.4,57.53,72.6,"(1000, 1000, 150)",100.0,5,15
17,4,Theta*,False,True,3.88,57.8,65.75,"(1000, 1000, 150)",100.0,5,15
2,4,Theta*,False,True,5.33,55.55,61.01,"(1000, 1000, 150)",100.0,5,15
21,4,Theta*,False,True,2.02,38.48,45.9,"(1000, 1000, 150)",100.0,5,15
9,4,Theta*,False,True,5.09,76.43,78.93,"(1000, 1000, 150)",100.0,5,15
5,4,Theta*,False,True,5.29,43.86,81.29,"(1000, 1000, 150)",100.0,5,15
0,4,Theta*,False,True,6.05,50.19,61.91,"(1000, 1000, 150)",100.0,5,15
22,4,Theta*,False,True,6.07,29.82,46.79,"(1000, 1000, 150)",100.0,5,15
13,4,Theta*,False,True,10.5,61.49,74.32,"(1000, 1000, 150)",100.0,5,15
24,4,Theta*,False,True,6.81,44.23,66.11,"(1000, 1000, 150)",100.0,5,15
14,4,Theta*,False,True,12.93,38.16,71.35,"(1000, 1000, 150)",100.0,5,15
18,4,Theta*,False,True,13.29,47.09,56.14,"(1000, 1000, 150)",100.0,5,15
27,4,Theta*,False,True,7.79,56.64,69.62,"(1000, 1000, 150)",100.0,5,15
8,4,Theta*,False,True,13.88,80.77,87.64,"(1000, 1000, 150)",100.0,5,15
11,4,Theta*,False,True,14.53,55.51,111.55,"(1000, 1000, 150)",100.0,5,15
29,4,Theta*,False,True,9.16,53.91,53.95,"(1000, 1000, 150)",100.0,5,15
16,4,Theta*,False,True,15.62,47.51,154.1,"(1000, 1000, 150)",100.0,5,15
1,4,Theta*,False,True,16.42,58.19,124.32,"(1000, 1000, 150)",100.0,5,15
32,4,Theta*,False,True,3.97,42.19,44.93,"(1000, 1000, 150)",100.0,5,15
23,4,Theta*,False,True,13.25,55.09,91.99,"(1000, 1000, 150)",100.0,5,15
19,4,Theta*,False,True,17.4,57.67,92.6,"(1000, 1000, 150)",100.0,5,15
10,4,Theta*,False,True,17.6,49.29,51.09,"(1000, 1000, 150)",100.0,5,15
20,4,Theta*,False,True,15.84,52.89,81.07,"(1000, 1000, 150)",100.0,5,15
12,4,Theta*,False,True,20.47,45.75,105.61,"(1000, 1000, 150)",100.0,5,15
26,4,Theta*,False,True,16.83,61.86,86.24,"(1000, 1000, 150)",100.0,5,15
39,4,Theta*,False,True,5.55,54.86,61.76,"(1000, 1000, 150)",100.0,5,15
3,4,Theta*,False,True,23.12,51.73,68.7,"(1000, 1000, 150)",100.0,5,15
28,4,Theta*,False,True,19.8,50.84,67.8,"(1000, 1000, 150)",100.0,5,15
44,4,Theta*,False,True,7.48,48.35,63.1,"(1000, 1000, 150)",100.0,5,15
43,4,Theta*,False,True,8.15,60.06,107.25,"(1000, 1000, 150)",100.0,5,15
25,4,Theta*,False,True,21.66,24.25,53.94,"(1000, 1000, 150)",100.0,5,15
49,4,Theta*,False,True,3.2,36.94,36.69,"(1000, 1000, 150)",100.0,5,15
30,4,Theta*,False,True,17.57,45.78,52.69,"(1000, 1000, 150)",100.0,5,15
33,4,Theta*,False,True,15.78,29.7,73.76,"(1000, 1000, 150)",100.0,5,15
36,4,Theta*,False,True,16.39,44.53,70.85,"(1000, 1000, 150)",100.0,5,15
38,4,Theta*,False,True,16.71,28.83,68.0,"(1000, 1000, 150)",100.0,5,15
56,4,Theta*,False,True,2.15,27.62,27.62,"(1000, 1000, 150)",100.0,5,15
34,4,Theta*,False,True,21.32,50.4,65.39,"(1000, 1000, 150)",100.0,5,15
41,4,Theta*,False,True,19.27,26.14,55.53,"(1000, 1000, 150)",100.0,5,15
47,4,Theta*,False,True,13.48,43.03,59.34,"(1000, 1000, 150)",100.0,5,15
54,4,Theta*,False,True,9.17,40.09,56.05,"(1000, 1000, 150)",100.0,5,15
46,4,Theta*,False,True,18.7,41.01,104.52,"(1000, 1000, 150)",100.0,5,15
45,4,Theta*,False,True,21.16,48.84,72.16,"(1000, 1000, 150)",100.0,5,15
61,4,Theta*,False,True,2.83,51.67,51.67,"(1000, 1000, 150)",100.0,5,15
57,4,Theta*,False,True,10.06,45.62,51.21,"(1000, 1000, 150)",100.0,5,15
31,4,Theta*,False,True,32.34,70.06,92.86,"(1000, 1000, 150)",100.0,5,15
42,4,Theta*,False,True,27.3,87.59,103.46,"(1000, 1000, 150)",100.0,5,15
55,4,Theta*,False,True,17.34,47.0,62.72,"(1000, 1000, 150)",100.0,5,15
64,4,Theta*,False,True,4.83,63.51,75.42,"(1000, 1000, 150)",100.0,5,15
35,4,Theta*,False,True,31.7,48.54,58.7,"(1000, 1000, 150)",100.0,5,15
37,4,Theta*,False,True,31.36,55.49,87.6,"(1000, 1000, 150)",100.0,5,15
51,4,Theta*,False,True,19.54,32.9,53.66,"(1000, 1000, 150)",100.0,5,15
53,4,Theta*,False,True,20.18,48.25,64.92,"(1000, 1000, 150)",100.0,5,15
59,4,Theta*,False,True,16.04,39.19,65.38,"(1000, 1000, 150)",100.0,5,15
73,4,Theta*,False,True,5.11,52.65,65.92,"(1000, 1000, 150)",100.0,5,15
48,4,Theta*,False,True,31.19,64.66,109.06,"(1000, 1000, 150)",100.0,5,15
52,4,Theta*,False,True,27.66,38.85,62.45,"(1000, 1000, 150)",100.0,5,15
72,4,Theta*,False,True,9.22,50.97,96.63,"(1000, 1000, 150)",100.0,5,15
69,4,Theta*,False,True,10.45,60.52,62.74,"(1000, 1000, 150)",100.0,5,15
77,4,Theta*,False,True,3.2,85.41,85.41,"(1000, 1000, 150)",100.0,5,15
71,4,Theta*,False,True,10.2,34.84,51.57,"(1000, 1000, 150)",100.0,5,15
76,4,Theta*,False,True,6.98,40.77,44.13,"(1000, 1000, 150)",100.0,5,15
66,4,Theta*,False,True,18.76,50.71,70.35,"(1000, 1000, 150)",100.0,5,15
67,4,Theta*,False,True,17.38,60.21,105.03,"(1000, 1000, 150)",100.0,5,15
50,4,Theta*,False,True,37.87,49.18,51.04,"(1000, 1000, 150)",100.0,5,15
86,4,Theta*,False,True,3.26,77.56,77.56,"(1000, 1000, 150)",100.0,5,15
70,4,Theta*,False,True,18.35,50.57,82.56,"(1000, 1000, 150)",100.0,5,15
75,4,Theta*,False,True,17.6,44.1,60.4,"(1000, 1000, 150)",100.0,5,15
65,4,Theta*,False,True,26.56,64.72,89.44,"(1000, 1000, 150)",100.0,5,15
74,4,Theta*,False,True,20.73,41.56,96.13,"(1000, 1000, 150)",100.0,5,15
82,4,Theta*,False,True,10.6,68.2,86.19,"(1000, 1000, 150)",100.0,5,15
85,4,Theta*,False,True,7.4,64.2,66.78,"(1000, 1000, 150)",100.0,5,15
68,4,Theta*,False,True,27.12,60.33,96.81,"(1000, 1000, 150)",100.0,5,15
40,4,Theta*,False,True,55.7,47.18,55.94,"(1000, 1000, 150)",100.0,5,15
58,4,Theta*,False,True,40.1,68.56,95.52,"(1000, 1000, 150)",100.0,5,15
83,4,Theta*,False,True,15.55,44.95,91.46,"(1000, 1000, 150)",100.0,5,15
84,4,Theta*,False,True,15.9,44.69,56.68,"(1000, 1000, 150)",100.0,5,15
63,4,Theta*,False,True,38.15,53.35,105.26,"(1000, 1000, 150)",100.0,5,15
78,4,Theta*,False,True,20.98,33.86,57.22,"(1000, 1000, 150)",100.0,5,15
95,4,Theta*,False,True,7.0,55.76,55.95,"(1000, 1000, 150)",100.0,5,15
98,4,Theta*,False,True,5.58,42.86,67.59,"(1000, 1000, 150)",100.0,5,15
80,4,Theta*,False,True,23.91,44.84,93.41,"(1000, 1000, 150)",100.0,5,15
97,4,Theta*,False,True,8.27,49.29,83.34,"(1000, 1000, 150)",100.0,5,15
104,4,Theta*,False,True,1.12,31.51,31.51,"(1000, 1000, 150)",100.0,5,15
81,4,Theta*,False,True,26.43,56.28,71.03,"(1000, 1000, 150)",100.0,5,15
79,4,Theta*,False,True,29.57,57.96,107.77,"(1000, 1000, 150)",100.0,5,15
96,4,Theta*,False,True,13.09,57.79,57.73,"(1000, 1000, 150)",100.0,5,15
93,4,Theta*,False,True,17.29,41.02,88.74,"(1000, 1000, 150)",100.0,5,15
89,4,Theta*,False,True,22.24,50.7,69.75,"(1000, 1000, 150)",100.0,5,15
100,4,Theta*,False,True,11.88,35.02,76.43,"(1000, 1000, 150)",100.0,5,15
90,4,Theta*,False,True,21.73,55.85,90.41,"(1000, 1000, 150)",100.0,5,15
91,4,Theta*,False,True,21.8,67.22,86.13,"(1000, 1000, 150)",100.0,5,15
99,4,Theta*,False,True,13.68,41.75,77.62,"(1000, 1000, 150)",100.0,5,15
112,4,Theta*,False,True,1.27,32.02,32.02,"(1000, 1000, 150)",100.0,5,15
101,4,Theta*,False,True,13.89,52.37,72.18,"(1000, 1000, 150)",100.0,5,15
102,4,Theta*,False,True,10.25,73.89,73.85,"(1000, 1000, 150)",100.0,5,15
60,4,Theta*,False,True,58.3,56.03,74.17,"(1000, 1000, 150)",100.0,5,15
107,4,Theta*,False,True,9.53,40.33,60.75,"(1000, 1000, 150)",100.0,5,15
62,4,Theta*,False,True,56.99,62.02,81.55,"(1000, 1000, 150)",100.0,5,15
88,4,Theta*,False,True,29.61,68.14,86.36,"(1000, 1000, 150)",100.0,5,15
92,4,Theta*,False,True,27.01,72.96,79.98,"(1000, 1000, 150)",100.0,5,15
94,4,Theta*,False,True,27.61,71.26,149.54,"(1000, 1000, 150)",100.0,5,15
108,4,Theta*,False,True,12.48,49.51,85.07,"(1000, 1000, 150)",100.0,5,15
122,4,Theta*,False,True,2.25,48.67,48.67,"(1000, 1000, 150)",100.0,5,15
105,4,Theta*,False,True,16.05,70.09,84.71,"(1000, 1000, 150)",100.0,5,15
113,4,Theta*,False,True,10.35,70.24,103.25,"(1000, 1000, 150)",100.0,5,15
103,4,Theta*,False,True,18.89,80.43,124.63,"(1000, 1000, 150)",100.0,5,15
120,4,Theta*,False,True,6.68,31.71,31.49,"(1000, 1000, 150)",100.0,5,15
124,4,Theta*,False,True,4.35,41.31,41.37,"(1000, 1000, 150)",100.0,5,15
116,4,Theta*,False,True,11.39,56.01,55.93,"(1000, 1000, 150)",100.0,5,15
106,4,Theta*,False,True,19.47,41.91,65.56,"(1000, 1000, 150)",100.0,5,15
119,4,Theta*,False,True,8.35,25.76,27.26,"(1000, 1000, 150)",100.0,5,15
111,4,Theta*,False,True,15.24,64.76,96.35,"(1000, 1000, 150)",100.0,5,15
115,4,Theta*,False,True,14.01,52.48,70.14,"(1000, 1000, 150)",100.0,5,15
114,4,Theta*,False,True,18.54,60.03,91.62,"(1000, 1000, 150)",100.0,5,15
126,4,Theta*,False,True,8.44,38.02,50.4,"(1000, 1000, 150)",100.0,5,15
109,4,Theta*,False,True,23.35,76.18,108.7,"(1000, 1000, 150)",100.0,5,15
118,4,Theta*,False,True,18.43,38.78,65.36,"(1000, 1000, 150)",100.0,5,15
127,4,Theta*,False,True,10.41,103.41,136.51,"(1000, 1000, 150)",100.0,5,15
134,4,Theta*,False,True,7.63,38.7,43.41,"(1000, 1000, 150)",100.0,5,15
125,4,Theta*,False,True,13.33,79.74,125.26,"(1000, 1000, 150)",100.0,5,15
129,4,Theta*,False,True,11.69,52.52,85.31,"(1000, 1000, 150)",100.0,5,15
87,4,Theta*,False,True,50.08,50.39,82.97,"(1000, 1000, 150)",100.0,5,15
130,4,Theta*,False,True,12.81,39.19,44.38,"(1000, 1000, 150)",100.0,5,15
132,4,Theta*,False,True,11.66,34.48,54.67,"(1000, 1000, 150)",100.0,5,15
117,4,Theta*,False,True,24.74,62.1,80.53,"(1000, 1000, 150)",100.0,5,15
110,4,Theta*,False,True,29.73,59.22,101.44,"(1000, 1000, 150)",100.0,5,15
135,4,Theta*,False,True,14.09,52.35,62.32,"(1000, 1000, 150)",100.0,5,15
140,4,Theta*,False,True,8.31,44.77,48.8,"(1000, 1000, 150)",100.0,5,15
133,4,Theta*,False,True,17.84,36.79,66.58,"(1000, 1000, 150)",100.0,5,15
137,4,Theta*,False,True,13.23,87.48,107.98,"(1000, 1000, 150)",100.0,5,15
136,4,Theta*,False,True,18.0,57.73,104.98,"(1000, 1000, 150)",100.0,5,15
146,4,Theta*,False,True,6.83,43.33,70.63,"(1000, 1000, 150)",100.0,5,15
139,4,Theta*,False,True,15.15,72.66,144.6,"(1000, 1000, 150)",100.0,5,15
138,4,Theta*,False,True,18.01,38.56,77.46,"(1000, 1000, 150)",100.0,5,15
131,4,Theta*,False,True,25.07,63.78,94.46,"(1000, 1000, 150)",100.0,5,15
121,4,Theta*,False,True,37.53,73.21,85.64,"(1000, 1000, 150)",100.0,5,15
148,4,Theta*,False,True,15.22,38.61,75.22,"(1000, 1000, 150)",100.0,5,15
141,4,Theta*,False,True,21.48,54.92,64.58,"(1000, 1000, 150)",100.0,5,15
123,4,Theta*,False,True,39.65,72.24,132.53,"(1000, 1000, 150)",100.0,5,15
128,4,Theta*,False,True,39.71,75.2,117.11,"(1000, 1000, 150)",100.0,5,15
150,4,Theta*,False,True,20.76,43.3,86.92,"(1000, 1000, 150)",100.0,5,15
147,4,Theta*,False,True,25.16,41.0,71.87,"(1000, 1000, 150)",100.0,5,15
161,4,Theta*,False,True,8.72,47.32,47.54,"(1000, 1000, 150)",100.0,5,15
159,4,Theta*,False,True,9.56,55.03,54.65,"(1000, 1000, 150)",100.0,5,15
156,4,Theta*,False,True,16.74,49.41,91.73,"(1000, 1000, 150)",100.0,5,15
162,4,Theta*,False,True,6.48,52.85,68.12,"(1000, 1000, 150)",100.0,5,15
152,4,Theta*,False,True,21.05,76.61,90.95,"(1000, 1000, 150)",100.0,5,15
151,4,Theta*,False,True,23.5,46.9,84.98,"(1000, 1000, 150)",100.0,5,15
163,4,Theta*,False,True,3.07,73.53,73.53,"(1000, 1000, 150)",100.0,5,15
167,4,Theta*,False,True,2.33,48.62,48.62,"(1000, 1000, 150)",100.0,5,15
155,4,Theta*,False,True,23.01,55.49,60.28,"(1000, 1000, 150)",100.0,5,15
154,4,Theta*,False,True,24.18,61.77,67.99,"(1000, 1000, 150)",100.0,5,15
153,4,Theta*,False,True,25.59,42.36,68.4,"(1000, 1000, 150)",100.0,5,15
165,4,Theta*,False,True,6.54,71.73,180.3,"(1000, 1000, 150)",100.0,5,15
168,4,Theta*,False,True,5.18,36.37,36.22,"(1000, 1000, 150)",100.0,5,15
158,4,Theta*,False,True,20.84,64.55,97.92,"(1000, 1000, 150)",100.0,5,15
169,4,Theta*,False,True,5.82,23.3,40.07,"(1000, 1000, 150)",100.0,5,15
145,4,Theta*,False,True,37.23,77.05,155.43,"(1000, 1000, 150)",100.0,5,15
170,4,Theta*,False,True,7.22,63.06,111.91,"(1000, 1000, 150)",100.0,5,15
149,4,Theta*,False,True,35.74,44.98,81.33,"(1000, 1000, 150)",100.0,5,15
143,4,Theta*,False,True,40.44,62.3,89.27,"(1000, 1000, 150)",100.0,5,15
160,4,Theta*,False,True,21.25,42.49,62.49,"(1000, 1000, 150)",100.0,5,15
142,4,Theta*,False,True,44.26,65.29,79.39,"(1000, 1000, 150)",100.0,5,15
144,4,Theta*,False,True,44.82,53.47,78.82,"(1000, 1000, 150)",100.0,5,15
183,4,Theta*,False,True,4.92,45.85,49.93,"(1000, 1000, 150)",100.0,5,15
172,4,Theta*,False,True,13.52,26.7,41.84,"(1000, 1000, 150)",100.0,5,15
176,4,Theta*,False,True,10.2,61.34,82.45,"(1000, 1000, 150)",100.0,5,15
184,4,Theta*,False,True,7.79,33.9,72.6,"(1000, 1000, 150)",100.0,5,15
171,4,Theta*,False,True,17.34,37.11,68.71,"(1000, 1000, 150)",100.0,5,15
157,4,Theta*,False,True,35.2,48.87,68.31,"(1000, 1000, 150)",100.0,5,15
182,4,Theta*,False,True,10.13,49.76,62.77,"(1000, 1000, 150)",100.0,5,15
164,4,Theta*,False,True,23.03,65.23,77.35,"(1000, 1000, 150)",100.0,5,15
174,4,Theta*,False,True,16.27,44.23,57.9,"(1000, 1000, 150)",100.0,5,15
185,4,Theta*,False,True,9.17,40.55,46.21,"(1000, 1000, 150)",100.0,5,15
177,4,Theta*,False,True,14.87,26.51,61.88,"(1000, 1000, 150)",100.0,5,15
180,4,Theta*,False,True,13.58,28.15,59.7,"(1000, 1000, 150)",100.0,5,15
179,4,Theta*,False,True,14.84,35.66,61.6,"(1000, 1000, 150)",100.0,5,15
181,4,Theta*,False,True,13.14,42.53,50.47,"(1000, 1000, 150)",100.0,5,15
194,4,Theta*,False,True,2.69,40.09,40.07,"(1000, 1000, 150)",100.0,5,15
175,4,Theta*,False,True,18.02,53.78,76.51,"(1000, 1000, 150)",100.0,5,15
178,4,Theta*,False,True,16.97,57.07,85.68,"(1000, 1000, 150)",100.0,5,15
191,4,Theta*,False,True,4.31,62.92,74.77,"(1000, 1000, 150)",100.0,5,15
195,4,Theta*,False,True,3.35,23.91,51.3,"(1000, 1000, 150)",100.0,5,15
166,4,Theta*,False,True,24.34,60.76,140.06,"(1000, 1000, 150)",100.0,5,15
173,4,Theta*,False,True,21.09,43.04,105.8,"(1000, 1000, 150)",100.0,5,15
190,4,Theta*,False,True,6.88,45.34,62.29,"(1000, 1000, 150)",100.0,5,15
196,4,Theta*,False,True,4.13,33.17,39.04,"(1000, 1000, 150)",100.0,5,15
192,4,Theta*,False,True,6.77,57.81,78.84,"(1000, 1000, 150)",100.0,5,15
187,4,Theta*,False,True,12.19,40.0,65.02,"(1000, 1000, 150)",100.0,5,15
197,4,Theta*,False,True,8.35,49.44,92.73,"(1000, 1000, 150)",100.0,5,15
198,4,Theta*,False,True,8.42,43.82,76.25,"(1000, 1000, 150)",100.0,5,15
188,4,Theta*,False,True,14.07,48.65,72.97,"(1000, 1000, 150)",100.0,5,15
186,4,Theta*,False,True,16.47,53.76,104.62,"(1000, 1000, 150)",100.0,5,15
193,4,Theta*,False,True,10.69,27.1,82.83,"(1000, 1000, 150)",100.0,5,15
199,4,Theta*,False,True,13.6,81.14,162.15,"(1000, 1000, 150)",100.0,5,15
189,4,Theta*,False,True,24.97,62.12,84.45,"(1000, 1000, 150)",100.0,5,15
3,8,Theta*,False,True,8.35,79.35,97.3,"(1000, 1000, 150)",100.0,5,15
12,8,Theta*,False,True,12.42,84.24,146.64,"(1000, 1000, 150)",100.0,5,15
9,8,Theta*,False,True,15.38,89.49,164.9,"(1000, 1000, 150)",100.0,5,15
6,8,Theta*,False,True,16.0,108.95,216.73,"(1000, 1000, 150)",100.0,5,15
16,8,Theta*,False,True,17.62,133.21,182.99,"(1000, 1000, 150)",100.0,5,15
0,8,Theta*,False,True,18.46,106.94,109.05,"(1000, 1000, 150)",100.0,5,15
8,8,Theta*,False,True,20.16,156.51,199.13,"(1000, 1000, 150)",100.0,5,15
5,8,Theta*,False,True,23.82,145.12,158.66,"(1000, 1000, 150)",100.0,5,15
1,8,Theta*,False,True,24.94,134.71,186.48,"(1000, 1000, 150)",100.0,5,15
7,8,Theta*,False,True,32.96,110.87,149.93,"(1000, 1000, 150)",100.0,5,15
14,8,Theta*,False,True,37.77,128.74,198.38,"(1000, 1000, 150)",100.0,5,15
18,8,Theta*,False,True,38.2,113.19,157.05,"(1000, 1000, 150)",100.0,5,15
10,8,Theta*,False,True,40.59,152.94,212.88,"(1000, 1000, 150)",100.0,5,15
23,8,Theta*,False,True,26.37,112.26,164.58,"(1000, 1000, 150)",100.0,5,15
15,8,Theta*,False,True,44.73,101.51,152.3,"(1000, 1000, 150)",100.0,5,15
21,8,Theta*,False,True,31.71,85.92,152.61,"(1000, 1000, 150)",100.0,5,15
19,8,Theta*,False,True,46.52,112.43,141.65,"(1000, 1000, 150)",100.0,5,15
22,8,Theta*,False,True,32.55,85.0,125.22,"(1000, 1000, 150)",100.0,5,15
20,8,Theta*,False,True,39.9,129.76,183.4,"(1000, 1000, 150)",100.0,5,15
13,8,Theta*,False,True,53.97,109.54,149.12,"(1000, 1000, 150)",100.0,5,15
26,8,Theta*,False,True,34.78,82.64,119.49,"(1000, 1000, 150)",100.0,5,15
2,8,Theta*,False,True,65.21,108.76,202.2,"(1000, 1000, 150)",100.0,5,15
4,8,Theta*,False,True,67.96,146.37,201.34,"(1000, 1000, 150)",100.0,5,15
38,8,Theta*,False,True,18.52,89.92,144.12,"(1000, 1000, 150)",100.0,5,15
32,8,Theta*,False,True,26.9,144.64,174.54,"(1000, 1000, 150)",100.0,5,15
24,8,Theta*,False,True,53.96,112.18,141.04,"(1000, 1000, 150)",100.0,5,15
35,8,Theta*,False,True,29.32,122.29,138.06,"(1000, 1000, 150)",100.0,5,15
29,8,Theta*,False,True,44.41,86.28,121.36,"(1000, 1000, 150)",100.0,5,15
11,8,Theta*,False,True,81.06,112.06,225.68,"(1000, 1000, 150)",100.0,5,15
40,8,Theta*,False,True,30.17,97.41,103.44,"(1000, 1000, 150)",100.0,5,15
17,8,Theta*,False,True,89.63,102.48,155.08,"(1000, 1000, 150)",100.0,5,15
25,8,Theta*,False,True,71.87,115.64,129.9,"(1000, 1000, 150)",100.0,5,15
45,8,Theta*,False,True,18.6,88.21,106.66,"(1000, 1000, 150)",100.0,5,15
36,8,Theta*,False,True,46.9,98.36,163.64,"(1000, 1000, 150)",100.0,5,15
33,8,Theta*,False,True,50.54,99.17,156.22,"(1000, 1000, 150)",100.0,5,15
31,8,Theta*,False,True,61.19,132.54,183.38,"(1000, 1000, 150)",100.0,5,15
27,8,Theta*,False,True,77.05,158.8,199.31,"(1000, 1000, 150)",100.0,5,15
47,8,Theta*,False,True,22.44,92.88,104.75,"(1000, 1000, 150)",100.0,5,15
41,8,Theta*,False,True,36.25,99.12,139.06,"(1000, 1000, 150)",100.0,5,15
28,8,Theta*,False,True,87.4,109.59,221.3,"(1000, 1000, 150)",100.0,5,15
44,8,Theta*,False,True,47.48,101.01,180.86,"(1000, 1000, 150)",100.0,5,15
57,8,Theta*,False,True,17.22,73.27,83.41,"(1000, 1000, 150)",100.0,5,15
42,8,Theta*,False,True,52.27,128.76,186.89,"(1000, 1000, 150)",100.0,5,15
39,8,Theta*,False,True,68.81,136.17,253.77,"(1000, 1000, 150)",100.0,5,15
43,8,Theta*,False,True,55.33,119.1,219.41,"(1000, 1000, 150)",100.0,5,15
30,8,Theta*,False,True,86.75,84.15,126.78,"(1000, 1000, 150)",100.0,5,15
37,8,Theta*,False,True,79.05,105.67,181.15,"(1000, 1000, 150)",100.0,5,15
52,8,Theta*,False,True,39.49,88.6,119.05,"(1000, 1000, 150)",100.0,5,15
34,8,Theta*,False,True,92.2,110.88,163.38,"(1000, 1000, 150)",100.0,5,15
56,8,Theta*,False,True,39.01,93.26,119.43,"(1000, 1000, 150)",100.0,5,15
61,8,Theta*,False,True,26.58,83.06,115.27,"(1000, 1000, 150)",100.0,5,15
55,8,Theta*,False,True,47.14,120.72,165.51,"(1000, 1000, 150)",100.0,5,15
48,8,Theta*,False,True,70.12,148.55,216.69,"(1000, 1000, 150)",100.0,5,15
46,8,Theta*,False,True,76.36,121.55,173.98,"(1000, 1000, 150)",100.0,5,15
49,8,Theta*,False,True,69.53,74.53,138.78,"(1000, 1000, 150)",100.0,5,15
59,8,Theta*,False,True,44.06,137.08,174.06,"(1000, 1000, 150)",100.0,5,15
65,8,Theta*,False,True,31.15,112.03,135.28,"(1000, 1000, 150)",100.0,5,15
66,8,Theta*,False,True,28.72,109.38,140.83,"(1000, 1000, 150)",100.0,5,15
53,8,Theta*,False,True,64.11,106.72,157.99,"(1000, 1000, 150)",100.0,5,15
63,8,Theta*,False,True,35.02,114.3,201.67,"(1000, 1000, 150)",100.0,5,15
62,8,Theta*,False,True,39.13,118.25,166.41,"(1000, 1000, 150)",100.0,5,15
60,8,Theta*,False,True,44.05,77.65,133.61,"(1000, 1000, 150)",100.0,5,15
51,8,Theta*,False,True,75.13,92.08,140.19,"(1000, 1000, 150)",100.0,5,15
67,8,Theta*,False,True,33.37,121.14,149.75,"(1000, 1000, 150)",100.0,5,15
69,8,Theta*,False,True,26.89,88.08,116.16,"(1000, 1000, 150)",100.0,5,15
72,8,Theta*,False,True,17.27,105.9,151.73,"(1000, 1000, 150)",100.0,5,15
73,8,Theta*,False,True,17.8,123.01,150.97,"(1000, 1000, 150)",100.0,5,15
54,8,Theta*,False,True,74.93,135.59,180.63,"(1000, 1000, 150)",100.0,5,15
68,8,Theta*,False,True,34.14,103.11,166.69,"(1000, 1000, 150)",100.0,5,15
50,8,Theta*,False,True,82.38,109.64,135.9,"(1000, 1000, 150)",100.0,5,15
80,8,Theta*,False,True,12.42,90.71,129.29,"(1000, 1000, 150)",100.0,5,15
71,8,Theta*,False,True,27.23,106.86,141.46,"(1000, 1000, 150)",100.0,5,15
70,8,Theta*,False,True,28.9,90.0,120.33,"(1000, 1000, 150)",100.0,5,15
76,8,Theta*,False,True,21.33,110.62,135.81,"(1000, 1000, 150)",100.0,5,15
74,8,Theta*,False,True,25.87,107.59,184.44,"(1000, 1000, 150)",100.0,5,15
58,8,Theta*,False,True,82.93,142.39,200.35,"(1000, 1000, 150)",100.0,5,15
64,8,Theta*,False,True,66.93,144.29,276.57,"(1000, 1000, 150)",100.0,5,15
79,8,Theta*,False,True,33.99,108.52,172.13,"(1000, 1000, 150)",100.0,5,15
84,8,Theta*,False,True,25.89,107.74,159.32,"(1000, 1000, 150)",100.0,5,15
75,8,Theta*,False,True,37.45,94.55,150.64,"(1000, 1000, 150)",100.0,5,15
81,8,Theta*,False,True,33.64,76.51,133.36,"(1000, 1000, 150)",100.0,5,15
77,8,Theta*,False,True,39.17,106.96,154.18,"(1000, 1000, 150)",100.0,5,15
83,8,Theta*,False,True,32.62,93.56,146.53,"(1000, 1000, 150)",100.0,5,15
93,8,Theta*,False,True,20.67,117.76,125.21,"(1000, 1000, 150)",100.0,5,15
82,8,Theta*,False,True,34.29,125.17,183.11,"(1000, 1000, 150)",100.0,5,15
91,8,Theta*,False,True,26.06,98.36,130.63,"(1000, 1000, 150)",100.0,5,15
86,8,Theta*,False,True,33.88,86.27,196.25,"(1000, 1000, 150)",100.0,5,15
89,8,Theta*,False,True,32.9,119.33,183.42,"(1000, 1000, 150)",100.0,5,15
100,8,Theta*,False,True,13.45,65.1,102.02,"(1000, 1000, 150)",100.0,5,15
95,8,Theta*,False,True,24.22,89.97,184.18,"(1000, 1000, 150)",100.0,5,15
78,8,Theta*,False,True,53.1,86.08,162.81,"(1000, 1000, 150)",100.0,5,15
87,8,Theta*,False,True,43.96,99.47,172.54,"(1000, 1000, 150)",100.0,5,15
90,8,Theta*,False,True,44.18,108.02,149.35,"(1000, 1000, 150)",100.0,5,15
85,8,Theta*,False,True,51.79,89.52,116.19,"(1000, 1000, 150)",100.0,5,15
104,8,Theta*,False,True,23.56,86.36,116.04,"(1000, 1000, 150)",100.0,5,15
106,8,Theta*,False,True,23.16,98.75,159.44,"(1000, 1000, 150)",100.0,5,15
92,8,Theta*,False,True,50.74,87.03,183.59,"(1000, 1000, 150)",100.0,5,15
99,8,Theta*,False,True,35.05,140.47,165.26,"(1000, 1000, 150)",100.0,5,15
109,8,Theta*,False,True,20.62,90.23,116.34,"(1000, 1000, 150)",100.0,5,15
96,8,Theta*,False,True,40.5,107.01,140.91,"(1000, 1000, 150)",100.0,5,15
88,8,Theta*,False,True,61.86,159.75,239.08,"(1000, 1000, 150)",100.0,5,15
102,8,Theta*,False,True,35.8,96.41,145.13,"(1000, 1000, 150)",100.0,5,15
105,8,Theta*,False,True,35.59,96.61,171.88,"(1000, 1000, 150)",100.0,5,15
101,8,Theta*,False,True,40.94,108.51,183.45,"(1000, 1000, 150)",100.0,5,15
110,8,Theta*,False,True,26.13,98.48,140.12,"(1000, 1000, 150)",100.0,5,15
94,8,Theta*,False,True,57.22,85.24,191.71,"(1000, 1000, 150)",100.0,5,15
113,8,Theta*,False,True,20.33,86.87,109.3,"(1000, 1000, 150)",100.0,5,15
111,8,Theta*,False,True,32.56,88.29,147.89,"(1000, 1000, 150)",100.0,5,15
97,8,Theta*,False,True,55.66,104.49,163.68,"(1000, 1000, 150)",100.0,5,15
119,8,Theta*,False,True,18.62,96.63,105.76,"(1000, 1000, 150)",100.0,5,15
107,8,Theta*,False,True,47.05,117.67,137.98,"(1000, 1000, 150)",100.0,5,15
103,8,Theta*,False,True,54.2,126.05,189.92,"(1000, 1000, 150)",100.0,5,15
125,8,Theta*,False,True,19.16,109.8,166.48,"(1000, 1000, 150)",100.0,5,15
108,8,Theta*,False,True,50.54,88.1,166.87,"(1000, 1000, 150)",100.0,5,15
117,8,Theta*,False,True,32.85,101.78,145.55,"(1000, 1000, 150)",100.0,5,15
115,8,Theta*,False,True,36.21,115.19,166.77,"(1000, 1000, 150)",100.0,5,15
129,8,Theta*,False,True,19.76,119.77,139.26,"(1000, 1000, 150)",100.0,5,15
98,8,Theta*,False,True,80.17,109.13,272.71,"(1000, 1000, 150)",100.0,5,15
122,8,Theta*,False,True,35.53,110.93,131.37,"(1000, 1000, 150)",100.0,5,15
128,8,Theta*,False,True,25.29,133.7,209.12,"(1000, 1000, 150)",100.0,5,15
132,8,Theta*,False,True,15.94,73.07,123.71,"(1000, 1000, 150)",100.0,5,15
124,8,Theta*,False,True,36.66,104.97,138.03,"(1000, 1000, 150)",100.0,5,15
135,8,Theta*,False,True,12.49,88.7,90.26,"(1000, 1000, 150)",100.0,5,15
133,8,Theta*,False,True,18.06,98.18,143.27,"(1000, 1000, 150)",100.0,5,15
121,8,Theta*,False,True,43.51,127.08,189.0,"(1000, 1000, 150)",100.0,5,15
120,8,Theta*,False,True,46.29,98.73,185.56,"(1000, 1000, 150)",100.0,5,15
114,8,Theta*,False,True,55.86,103.24,167.02,"(1000, 1000, 150)",100.0,5,15
127,8,Theta*,False,True,36.19,98.12,186.29,"(1000, 1000, 150)",100.0,5,15
130,8,Theta*,False,True,33.72,109.98,162.66,"(1000, 1000, 150)",100.0,5,15
131,8,Theta*,False,True,35.45,88.75,140.08,"(1000, 1000, 150)",100.0,5,15
116,8,Theta*,False,True,63.4,79.85,147.64,"(1000, 1000, 150)",100.0,5,15
118,8,Theta*,False,True,61.63,92.18,155.32,"(1000, 1000, 150)",100.0,5,15
138,8,Theta*,False,True,18.33,82.35,132.26,"(1000, 1000, 150)",100.0,5,15
140,8,Theta*,False,True,17.31,73.7,104.27,"(1000, 1000, 150)",100.0,5,15
142,8,Theta*,False,True,17.74,168.37,193.37,"(1000, 1000, 150)",100.0,5,15
126,8,Theta*,False,True,58.16,111.04,161.07,"(1000, 1000, 150)",100.0,5,15
137,8,Theta*,False,True,27.87,101.87,180.55,"(1000, 1000, 150)",100.0,5,15
136,8,Theta*,False,True,36.14,79.98,152.48,"(1000, 1000, 150)",100.0,5,15
139,8,Theta*,False,True,34.37,110.16,182.28,"(1000, 1000, 150)",100.0,5,15
144,8,Theta*,False,True,32.08,68.51,109.16,"(1000, 1000, 150)",100.0,5,15
141,8,Theta*,False,True,35.58,92.39,151.66,"(1000, 1000, 150)",100.0,5,15
147,8,Theta*,False,True,28.34,99.96,162.78,"(1000, 1000, 150)",100.0,5,15
143,8,Theta*,False,True,33.8,124.37,143.0,"(1000, 1000, 150)",100.0,5,15
112,8,Theta*,False,True,97.88,128.2,157.64,"(1000, 1000, 150)",100.0,5,15
123,8,Theta*,False,True,77.55,123.54,235.82,"(1000, 1000, 150)",100.0,5,15
156,8,Theta*,False,True,14.33,126.05,163.89,"(1000, 1000, 150)",100.0,5,15
146,8,Theta*,False,True,40.43,92.72,183.22,"(1000, 1000, 150)",100.0,5,15
152,8,Theta*,False,True,28.13,120.89,141.79,"(1000, 1000, 150)",100.0,5,15
150,8,Theta*,False,True,31.37,86.54,132.49,"(1000, 1000, 150)",100.0,5,15
154,8,Theta*,False,True,28.12,91.76,137.92,"(1000, 1000, 150)",100.0,5,15
157,8,Theta*,False,True,21.59,94.52,108.65,"(1000, 1000, 150)",100.0,5,15
163,8,Theta*,False,True,15.4,123.84,143.06,"(1000, 1000, 150)",100.0,5,15
145,8,Theta*,False,True,51.75,98.6,171.95,"(1000, 1000, 150)",100.0,5,15
153,8,Theta*,False,True,39.25,100.28,130.79,"(1000, 1000, 150)",100.0,5,15
134,8,Theta*,False,True,72.22,88.42,148.18,"(1000, 1000, 150)",100.0,5,15
149,8,Theta*,False,True,46.24,91.6,146.87,"(1000, 1000, 150)",100.0,5,15
155,8,Theta*,False,True,40.03,92.85,122.52,"(1000, 1000, 150)",100.0,5,15
162,8,Theta*,False,True,31.96,53.71,112.42,"(1000, 1000, 150)",100.0,5,15
159,8,Theta*,False,True,36.77,103.05,160.71,"(1000, 1000, 150)",100.0,5,15
151,8,Theta*,False,True,58.25,106.92,158.77,"(1000, 1000, 150)",100.0,5,15
161,8,Theta*,False,True,38.52,83.49,120.32,"(1000, 1000, 150)",100.0,5,15
158,8,Theta*,False,True,47.28,115.86,143.65,"(1000, 1000, 150)",100.0,5,15
160,8,Theta*,False,True,47.38,99.14,164.29,"(1000, 1000, 150)",100.0,5,15
175,8,Theta*,False,True,31.95,113.06,145.12,"(1000, 1000, 150)",100.0,5,15
169,8,Theta*,False,True,45.41,122.52,155.37,"(1000, 1000, 150)",100.0,5,15
173,8,Theta*,False,True,36.81,100.32,111.69,"(1000, 1000, 150)",100.0,5,15
181,8,Theta*,False,True,19.08,94.1,94.63,"(1000, 1000, 150)",100.0,5,15
164,8,Theta*,False,True,61.37,83.73,143.53,"(1000, 1000, 150)",100.0,5,15
148,8,Theta*,False,True,91.67,90.84,196.05,"(1000, 1000, 150)",100.0,5,15
166,8,Theta*,False,True,63.6,104.38,212.59,"(1000, 1000, 150)",100.0,5,15
170,8,Theta*,False,True,55.41,102.39,160.49,"(1000, 1000, 150)",100.0,5,15
182,8,Theta*,False,True,27.15,107.27,124.58,"(1000, 1000, 150)",100.0,5,15
171,8,Theta*,False,True,56.58,94.92,145.71,"(1000, 1000, 150)",100.0,5,15
183,8,Theta*,False,True,28.46,77.18,117.73,"(1000, 1000, 150)",100.0,5,15
167,8,Theta*,False,True,77.93,119.13,152.28,"(1000, 1000, 150)",100.0,5,15
177,8,Theta*,False,True,54.93,92.32,121.11,"(1000, 1000, 150)",100.0,5,15
186,8,Theta*,False,True,30.93,115.9,147.28,"(1000, 1000, 150)",100.0,5,15
189,8,Theta*,False,True,25.63,97.05,148.37,"(1000, 1000, 150)",100.0,5,15
191,8,Theta*,False,True,23.49,93.2,149.81,"(1000, 1000, 150)",100.0,5,15
178,8,Theta*,False,True,64.36,97.11,179.17,"(1000, 1000, 150)",100.0,5,15
174,8,Theta*,False,True,80.9,111.29,182.44,"(1000, 1000, 150)",100.0,5,15
190,8,Theta*,False,True,28.98,97.84,126.01,"(1000, 1000, 150)",100.0,5,15
168,8,Theta*,False,True,95.34,130.01,185.66,"(1000, 1000, 150)",100.0,5,15
188,8,Theta*,False,True,40.46,89.92,109.38,"(1000, 1000, 150)",100.0,5,15
185,8,Theta*,False,True,50.01,70.07,152.5,"(1000, 1000, 150)",100.0,5,15
165,8,Theta*,False,True,114.57,114.97,172.88,"(1000, 1000, 150)",100.0,5,15
192,8,Theta*,False,True,41.69,100.47,133.34,"(1000, 1000, 150)",100.0,5,15
176,8,Theta*,False,True,92.23,117.53,188.35,"(1000, 1000, 150)",100.0,5,15
193,8,Theta*,False,True,36.03,81.66,98.35,"(1000, 1000, 150)",100.0,5,15
195,8,Theta*,False,True,38.44,90.79,147.0,"(1000, 1000, 150)",100.0,5,15
179,8,Theta*,False,True,91.93,91.31,118.98,"(1000, 1000, 150)",100.0,5,15
180,8,Theta*,False,True,93.83,105.23,195.52,"(1000, 1000, 150)",100.0,5,15
172,8,Theta*,False,True,114.29,111.56,181.28,"(1000, 1000, 150)",100.0,5,15
194,8,Theta*,False,True,48.01,114.03,162.88,"(1000, 1000, 150)",100.0,5,15
184,8,Theta*,False,True,77.89,103.92,204.29,"(1000, 1000, 150)",100.0,5,15
199,8,Theta*,False,True,38.42,88.29,178.9,"(1000, 1000, 150)",100.0,5,15
196,8,Theta*,False,True,44.56,92.45,127.78,"(1000, 1000, 150)",100.0,5,15
198,8,Theta*,False,True,44.87,88.75,112.35,"(1000, 1000, 150)",100.0,5,15
187,8,Theta*,False,True,97.68,91.71,171.29,"(1000, 1000, 150)",100.0,5,15
197,8,Theta*,False,True,85.41,116.72,190.46,"(1000, 1000, 150)",100.0,5,15
4,16,Theta*,False,True,50.35,238.27,362.97,"(1000, 1000, 150)",100.0,5,15
1,16,Theta*,False,True,58.57,250.42,316.1,"(1000, 1000, 150)",100.0,5,15
9,16,Theta*,False,True,65.5,255.68,426.49,"(1000, 1000, 150)",100.0,5,15
5,16,Theta*,False,True,66.13,173.87,342.6,"(1000, 1000, 150)",100.0,5,15
6,16,Theta*,False,True,68.6,207.96,310.33,"(1000, 1000, 150)",100.0,5,15
0,16,Theta*,False,True,73.57,274.04,380.56,"(1000, 1000, 150)",100.0,5,15
7,16,Theta*,False,True,73.88,224.84,323.05,"(1000, 1000, 150)",100.0,5,15
3,16,Theta*,False,True,84.57,200.26,255.7,"(1000, 1000, 150)",100.0,5,15
10,16,Theta*,False,True,56.52,231.23,304.59,"(1000, 1000, 150)",100.0,5,15
12,16,Theta*,False,True,48.6,196.17,293.37,"(1000, 1000, 150)",100.0,5,15
8,16,Theta*,False,True,115.62,213.61,313.43,"(1000, 1000, 150)",100.0,5,15
2,16,Theta*,False,True,121.39,206.43,277.16,"(1000, 1000, 150)",100.0,5,15
13,16,Theta*,False,True,58.28,198.1,317.19,"(1000, 1000, 150)",100.0,5,15
15,16,Theta*,False,True,51.77,206.86,303.33,"(1000, 1000, 150)",100.0,5,15
14,16,Theta*,False,True,62.39,213.53,294.92,"(1000, 1000, 150)",100.0,5,15
11,16,Theta*,False,True,74.46,209.0,353.22,"(1000, 1000, 150)",100.0,5,15
16,16,Theta*,False,True,78.51,175.99,345.66,"(1000, 1000, 150)",100.0,5,15
22,16,Theta*,False,True,35.88,160.42,199.61,"(1000, 1000, 150)",100.0,5,15
18,16,Theta*,False,True,69.58,195.11,264.14,"(1000, 1000, 150)",100.0,5,15
17,16,Theta*,False,True,95.29,242.02,285.02,"(1000, 1000, 150)",100.0,5,15
19,16,Theta*,False,True,73.66,205.04,363.56,"(1000, 1000, 150)",100.0,5,15
20,16,Theta*,False,True,74.67,231.24,329.57,"(1000, 1000, 150)",100.0,5,15
21,16,Theta*,False,True,74.84,223.44,269.89,"(1000, 1000, 150)",100.0,5,15
27,16,Theta*,False,True,36.02,194.86,263.42,"(1000, 1000, 150)",100.0,5,15
24,16,Theta*,False,True,67.96,212.2,319.47,"(1000, 1000, 150)",100.0,5,15
23,16,Theta*,False,True,92.72,205.51,331.97,"(1000, 1000, 150)",100.0,5,15
25,16,Theta*,False,True,87.35,188.5,315.59,"(1000, 1000, 150)",100.0,5,15
28,16,Theta*,False,True,43.86,189.35,217.73,"(1000, 1000, 150)",100.0,5,15
26,16,Theta*,False,True,69.32,208.23,333.18,"(1000, 1000, 150)",100.0,5,15
29,16,Theta*,False,True,55.35,194.24,267.34,"(1000, 1000, 150)",100.0,5,15
32,16,Theta*,False,True,59.41,203.95,336.11,"(1000, 1000, 150)",100.0,5,15
31,16,Theta*,False,True,69.45,197.67,316.63,"(1000, 1000, 150)",100.0,5,15
33,16,Theta*,False,True,80.53,189.63,390.41,"(1000, 1000, 150)",100.0,5,15
35,16,Theta*,False,True,66.08,173.96,284.65,"(1000, 1000, 150)",100.0,5,15
34,16,Theta*,False,True,92.21,229.79,323.29,"(1000, 1000, 150)",100.0,5,15
38,16,Theta*,False,True,71.96,169.31,322.88,"(1000, 1000, 150)",100.0,5,15
30,16,Theta*,False,True,107.11,200.01,285.3,"(1000, 1000, 150)",100.0,5,15
36,16,Theta*,False,True,80.8,199.58,291.96,"(1000, 1000, 150)",100.0,5,15
37,16,Theta*,False,True,90.26,220.35,384.28,"(1000, 1000, 150)",100.0,5,15
39,16,Theta*,False,True,80.52,272.63,339.24,"(1000, 1000, 150)",100.0,5,15
41,16,Theta*,False,True,68.28,177.53,260.49,"(1000, 1000, 150)",100.0,5,15
43,16,Theta*,False,True,52.66,244.8,393.33,"(1000, 1000, 150)",100.0,5,15
45,16,Theta*,False,True,43.63,210.34,277.19,"(1000, 1000, 150)",100.0,5,15
48,16,Theta*,False,True,54.01,200.83,317.16,"(1000, 1000, 150)",100.0,5,15
40,16,Theta*,False,True,111.16,202.33,356.57,"(1000, 1000, 150)",100.0,5,15
46,16,Theta*,False,True,72.17,166.22,267.45,"(1000, 1000, 150)",100.0,5,15
42,16,Theta*,False,True,90.1,261.79,367.76,"(1000, 1000, 150)",100.0,5,15
51,16,Theta*,False,True,52.37,161.94,249.51,"(1000, 1000, 150)",100.0,5,15
44,16,Theta*,False,True,104.58,227.16,419.02,"(1000, 1000, 150)",100.0,5,15
52,16,Theta*,False,True,59.43,208.36,299.26,"(1000, 1000, 150)",100.0,5,15
56,16,Theta*,False,True,33.81,233.03,282.57,"(1000, 1000, 150)",100.0,5,15
47,16,Theta*,False,True,101.81,191.64,297.29,"(1000, 1000, 150)",100.0,5,15
50,16,Theta*,False,True,93.77,189.7,351.79,"(1000, 1000, 150)",100.0,5,15
55,16,Theta*,False,True,58.99,208.67,277.99,"(1000, 1000, 150)",100.0,5,15
53,16,Theta*,False,True,63.08,172.85,313.14,"(1000, 1000, 150)",100.0,5,15
59,16,Theta*,False,True,34.76,183.22,241.99,"(1000, 1000, 150)",100.0,5,15
49,16,Theta*,False,True,118.45,182.19,334.92,"(1000, 1000, 150)",100.0,5,15
54,16,Theta*,False,True,72.02,185.71,266.74,"(1000, 1000, 150)",100.0,5,15
60,16,Theta*,False,True,62.77,184.24,249.18,"(1000, 1000, 150)",100.0,5,15
57,16,Theta*,False,True,85.57,213.57,325.18,"(1000, 1000, 150)",100.0,5,15
67,16,Theta*,False,True,41.15,214.56,373.88,"(1000, 1000, 150)",100.0,5,15
58,16,Theta*,False,True,85.54,194.05,253.89,"(1000, 1000, 150)",100.0,5,15
61,16,Theta*,False,True,91.05,229.19,356.9,"(1000, 1000, 150)",100.0,5,15
66,16,Theta*,False,True,66.22,214.11,313.37,"(1000, 1000, 150)",100.0,5,15
63,16,Theta*,False,True,84.9,232.86,297.18,"(1000, 1000, 150)",100.0,5,15
64,16,Theta*,False,True,82.96,218.97,417.37,"(1000, 1000, 150)",100.0,5,15
65,16,Theta*,False,True,95.68,236.02,395.57,"(1000, 1000, 150)",100.0,5,15
62,16,Theta*,False,True,108.11,214.6,344.59,"(1000, 1000, 150)",100.0,5,15
69,16,Theta*,False,True,54.55,194.85,239.1,"(1000, 1000, 150)",100.0,5,15
68,16,Theta*,False,True,79.73,195.03,280.14,"(1000, 1000, 150)",100.0,5,15
71,16,Theta*,False,True,63.67,186.27,274.62,"(1000, 1000, 150)",100.0,5,15
70,16,Theta*,False,True,70.62,186.78,319.96,"(1000, 1000, 150)",100.0,5,15
72,16,Theta*,False,True,66.32,214.5,317.04,"(1000, 1000, 150)",100.0,5,15
73,16,Theta*,False,True,61.22,176.91,261.06,"(1000, 1000, 150)",100.0,5,15
76,16,Theta*,False,True,46.98,209.35,283.56,"(1000, 1000, 150)",100.0,5,15
74,16,Theta*,False,True,77.89,238.76,440.36,"(1000, 1000, 150)",100.0,5,15
78,16,Theta*,False,True,60.55,229.02,278.25,"(1000, 1000, 150)",100.0,5,15
77,16,Theta*,False,True,62.57,238.75,287.0,"(1000, 1000, 150)",100.0,5,15
80,16,Theta*,False,True,51.46,205.47,285.13,"(1000, 1000, 150)",100.0,5,15
75,16,Theta*,False,True,93.77,194.6,359.32,"(1000, 1000, 150)",100.0,5,15
82,16,Theta*,False,True,50.95,201.13,328.67,"(1000, 1000, 150)",100.0,5,15
81,16,Theta*,False,True,61.24,174.26,271.49,"(1000, 1000, 150)",100.0,5,15
83,16,Theta*,False,True,67.06,196.45,308.33,"(1000, 1000, 150)",100.0,5,15
79,16,Theta*,False,True,89.38,215.73,338.3,"(1000, 1000, 150)",100.0,5,15
87,16,Theta*,False,True,44.84,249.13,303.49,"(1000, 1000, 150)",100.0,5,15
86,16,Theta*,False,True,63.04,249.53,288.06,"(1000, 1000, 150)",100.0,5,15
84,16,Theta*,False,True,94.78,207.29,346.72,"(1000, 1000, 150)",100.0,5,15
85,16,Theta*,False,True,88.17,175.24,290.26,"(1000, 1000, 150)",100.0,5,15
88,16,Theta*,False,True,86.39,224.54,305.28,"(1000, 1000, 150)",100.0,5,15
89,16,Theta*,False,True,88.02,174.13,337.94,"(1000, 1000, 150)",100.0,5,15
95,16,Theta*,False,True,44.43,243.48,315.96,"(1000, 1000, 150)",100.0,5,15
91,16,Theta*,False,True,93.81,243.2,303.38,"(1000, 1000, 150)",100.0,5,15
94,16,Theta*,False,True,90.16,228.81,405.95,"(1000, 1000, 150)",100.0,5,15
92,16,Theta*,False,True,100.53,219.93,322.46,"(1000, 1000, 150)",100.0,5,15
93,16,Theta*,False,True,101.09,180.63,312.06,"(1000, 1000, 150)",100.0,5,15
90,16,Theta*,False,True,132.15,191.79,342.73,"(1000, 1000, 150)",100.0,5,15
99,16,Theta*,False,True,52.15,238.34,319.9,"(1000, 1000, 150)",100.0,5,15
96,16,Theta*,False,True,81.17,221.69,317.17,"(1000, 1000, 150)",100.0,5,15
98,16,Theta*,False,True,74.55,225.12,404.65,"(1000, 1000, 150)",100.0,5,15
97,16,Theta*,False,True,81.19,228.12,310.73,"(1000, 1000, 150)",100.0,5,15
100,16,Theta*,False,True,62.07,165.14,247.23,"(1000, 1000, 150)",100.0,5,15
102,16,Theta*,False,True,41.03,192.37,263.09,"(1000, 1000, 150)",100.0,5,15
103,16,Theta*,False,True,68.99,252.69,353.14,"(1000, 1000, 150)",100.0,5,15
104,16,Theta*,False,True,66.2,179.91,292.57,"(1000, 1000, 150)",100.0,5,15
101,16,Theta*,False,True,103.76,207.35,378.57,"(1000, 1000, 150)",100.0,5,15
108,16,Theta*,False,True,61.57,202.92,262.35,"(1000, 1000, 150)",100.0,5,15
110,16,Theta*,False,True,62.58,188.61,283.21,"(1000, 1000, 150)",100.0,5,15
107,16,Theta*,False,True,72.25,182.94,250.02,"(1000, 1000, 150)",100.0,5,15
105,16,Theta*,False,True,82.73,222.68,336.15,"(1000, 1000, 150)",100.0,5,15
106,16,Theta*,False,True,83.13,230.01,371.25,"(1000, 1000, 150)",100.0,5,15
112,16,Theta*,False,True,35.33,183.45,203.03,"(1000, 1000, 150)",100.0,5,15
113,16,Theta*,False,True,47.65,191.94,296.04,"(1000, 1000, 150)",100.0,5,15
115,16,Theta*,False,True,44.57,168.14,241.43,"(1000, 1000, 150)",100.0,5,15
111,16,Theta*,False,True,99.05,178.15,319.75,"(1000, 1000, 150)",100.0,5,15
120,16,Theta*,False,True,44.17,166.0,218.07,"(1000, 1000, 150)",100.0,5,15
109,16,Theta*,False,True,120.9,249.89,348.25,"(1000, 1000, 150)",100.0,5,15
119,16,Theta*,False,True,56.52,186.85,252.23,"(1000, 1000, 150)",100.0,5,15
117,16,Theta*,False,True,62.08,224.91,358.42,"(1000, 1000, 150)",100.0,5,15
114,16,Theta*,False,True,78.14,182.03,290.97,"(1000, 1000, 150)",100.0,5,15
116,16,Theta*,False,True,76.7,234.31,300.98,"(1000, 1000, 150)",100.0,5,15
125,16,Theta*,False,True,46.02,221.38,297.58,"(1000, 1000, 150)",100.0,5,15
118,16,Theta*,False,True,111.77,194.97,296.15,"(1000, 1000, 150)",100.0,5,15
124,16,Theta*,False,True,61.45,212.51,280.61,"(1000, 1000, 150)",100.0,5,15
123,16,Theta*,False,True,74.66,182.31,372.51,"(1000, 1000, 150)",100.0,5,15
128,16,Theta*,False,True,66.76,201.88,284.7,"(1000, 1000, 150)",100.0,5,15
127,16,Theta*,False,True,69.99,202.75,254.36,"(1000, 1000, 150)",100.0,5,15
121,16,Theta*,False,True,114.01,248.99,352.03,"(1000, 1000, 150)",100.0,5,15
122,16,Theta*,False,True,100.59,191.25,332.68,"(1000, 1000, 150)",100.0,5,15
126,16,Theta*,False,True,90.77,170.76,277.59,"(1000, 1000, 150)",100.0,5,15
130,16,Theta*,False,True,66.41,217.26,275.84,"(1000, 1000, 150)",100.0,5,15
129,16,Theta*,False,True,95.67,247.67,347.16,"(1000, 1000, 150)",100.0,5,15
131,16,Theta*,False,True,77.97,214.5,311.75,"(1000, 1000, 150)",100.0,5,15
136,16,Theta*,False,True,62.7,206.59,311.01,"(1000, 1000, 150)",100.0,5,15
134,16,Theta*,False,True,76.45,219.95,326.18,"(1000, 1000, 150)",100.0,5,15
133,16,Theta*,False,True,88.77,161.46,303.54,"(1000, 1000, 150)",100.0,5,15
135,16,Theta*,False,True,76.35,190.76,325.44,"(1000, 1000, 150)",100.0,5,15
132,16,Theta*,False,True,92.45,198.35,344.78,"(1000, 1000, 150)",100.0,5,15
137,16,Theta*,False,True,68.6,210.67,316.48,"(1000, 1000, 150)",100.0,5,15
138,16,Theta*,False,True,62.32,190.84,275.05,"(1000, 1000, 150)",100.0,5,15
140,16,Theta*,False,True,46.02,201.07,259.06,"(1000, 1000, 150)",100.0,5,15
139,16,Theta*,False,True,65.65,213.61,331.03,"(1000, 1000, 150)",100.0,5,15
144,16,Theta*,False,True,42.0,202.8,243.92,"(1000, 1000, 150)",100.0,5,15
141,16,Theta*,False,True,65.78,188.74,365.8,"(1000, 1000, 150)",100.0,5,15
142,16,Theta*,False,True,59.97,246.4,396.25,"(1000, 1000, 150)",100.0,5,15
146,16,Theta*,False,True,53.84,232.91,337.54,"(1000, 1000, 150)",100.0,5,15
145,16,Theta*,False,True,64.73,195.09,326.39,"(1000, 1000, 150)",100.0,5,15
143,16,Theta*,False,True,72.67,248.99,366.78,"(1000, 1000, 150)",100.0,5,15
149,16,Theta*,False,True,61.98,218.14,294.31,"(1000, 1000, 150)",100.0,5,15
148,16,Theta*,False,True,70.04,186.15,367.25,"(1000, 1000, 150)",100.0,5,15
147,16,Theta*,False,True,76.08,200.15,289.08,"(1000, 1000, 150)",100.0,5,15
150,16,Theta*,False,True,55.05,186.88,281.2,"(1000, 1000, 150)",100.0,5,15
159,16,Theta*,False,True,32.65,197.99,244.39,"(1000, 1000, 150)",100.0,5,15
151,16,Theta*,False,True,73.13,217.58,291.17,"(1000, 1000, 150)",100.0,5,15
152,16,Theta*,False,True,69.52,186.9,314.26,"(1000, 1000, 150)",100.0,5,15
155,16,Theta*,False,True,76.44,168.44,267.9,"(1000, 1000, 150)",100.0,5,15
160,16,Theta*,False,True,63.38,185.7,250.17,"(1000, 1000, 150)",100.0,5,15
158,16,Theta*,False,True,69.75,213.35,275.88,"(1000, 1000, 150)",100.0,5,15
154,16,Theta*,False,True,103.0,210.07,291.81,"(1000, 1000, 150)",100.0,5,15
162,16,Theta*,False,True,44.2,193.2,261.46,"(1000, 1000, 150)",100.0,5,15
153,16,Theta*,False,True,109.33,171.78,323.66,"(1000, 1000, 150)",100.0,5,15
156,16,Theta*,False,True,99.38,195.74,312.08,"(1000, 1000, 150)",100.0,5,15
157,16,Theta*,False,True,105.47,186.33,300.51,"(1000, 1000, 150)",100.0,5,15
161,16,Theta*,False,True,71.34,158.64,272.91,"(1000, 1000, 150)",100.0,5,15
164,16,Theta*,False,True,45.71,162.44,264.18,"(1000, 1000, 150)",100.0,5,15
167,16,Theta*,False,True,41.01,176.0,221.68,"(1000, 1000, 150)",100.0,5,15
163,16,Theta*,False,True,97.84,198.36,343.98,"(1000, 1000, 150)",100.0,5,15
166,16,Theta*,False,True,75.75,207.04,307.92,"(1000, 1000, 150)",100.0,5,15
169,16,Theta*,False,True,59.57,175.28,254.44,"(1000, 1000, 150)",100.0,5,15
172,16,Theta*,False,True,50.46,226.8,272.3,"(1000, 1000, 150)",100.0,5,15
168,16,Theta*,False,True,74.06,244.13,330.03,"(1000, 1000, 150)",100.0,5,15
170,16,Theta*,False,True,76.04,181.79,266.72,"(1000, 1000, 150)",100.0,5,15
165,16,Theta*,False,True,104.74,211.59,418.82,"(1000, 1000, 150)",100.0,5,15
171,16,Theta*,False,True,72.83,192.68,268.2,"(1000, 1000, 150)",100.0,5,15
176,16,Theta*,False,True,47.08,209.67,266.94,"(1000, 1000, 150)",100.0,5,15
174,16,Theta*,False,True,80.45,205.74,302.3,"(1000, 1000, 150)",100.0,5,15
180,16,Theta*,False,True,37.01,148.18,213.64,"(1000, 1000, 150)",100.0,5,15
175,16,Theta*,False,True,74.75,248.03,359.63,"(1000, 1000, 150)",100.0,5,15
173,16,Theta*,False,True,111.94,201.41,380.39,"(1000, 1000, 150)",100.0,5,15
181,16,Theta*,False,True,64.37,178.06,247.11,"(1000, 1000, 150)",100.0,5,15
182,16,Theta*,False,True,73.14,184.99,248.63,"(1000, 1000, 150)",100.0,5,15
184,16,Theta*,False,True,52.45,190.54,282.5,"(1000, 1000, 150)",100.0,5,15
179,16,Theta*,False,True,101.55,198.27,309.32,"(1000, 1000, 150)",100.0,5,15
177,16,Theta*,False,True,117.81,208.07,301.2,"(1000, 1000, 150)",100.0,5,15
185,16,Theta*,False,True,63.24,176.7,224.73,"(1000, 1000, 150)",100.0,5,15
178,16,Theta*,False,True,124.87,217.12,385.27,"(1000, 1000, 150)",100.0,5,15
186,16,Theta*,False,True,67.65,234.26,318.58,"(1000, 1000, 150)",100.0,5,15
183,16,Theta*,False,True,91.49,218.36,292.93,"(1000, 1000, 150)",100.0,5,15
194,16,Theta*,False,True,33.19,242.61,276.83,"(1000, 1000, 150)",100.0,5,15
192,16,Theta*,False,True,65.81,202.93,243.81,"(1000, 1000, 150)",100.0,5,15
193,16,Theta*,False,True,59.09,217.66,263.53,"(1000, 1000, 150)",100.0,5,15
189,16,Theta*,False,True,83.84,193.97,279.15,"(1000, 1000, 150)",100.0,5,15
195,16,Theta*,False,True,52.29,205.23,325.15,"(1000, 1000, 150)",100.0,5,15
187,16,Theta*,False,True,118.93,224.68,359.77,"(1000, 1000, 150)",100.0,5,15
188,16,Theta*,False,True,108.91,209.79,304.0,"(1000, 1000, 150)",100.0,5,15
190,16,Theta*,False,True,94.3,239.92,367.39,"(1000, 1000, 150)",100.0,5,15
191,16,Theta*,False,True,92.54,222.0,314.42,"(1000, 1000, 150)",100.0,5,15
196,16,Theta*,False,True,67.45,158.31,221.98,"(1000, 1000, 150)",100.0,5,15
198,16,Theta*,False,True,73.48,209.0,318.94,"(1000, 1000, 150)",100.0,5,15
197,16,Theta*,False,True,89.27,198.65,324.4,"(1000, 1000, 150)",100.0,5,15
199,16,Theta*,False,True,84.41,213.5,345.82,"(1000, 1000, 150)",100.0,5,15
0,32,Theta*,False,True,169.19,380.84,633.04,"(1000, 1000, 150)",100.0,5,15
1,32,Theta*,False,True,184.53,524.04,669.35,"(1000, 1000, 150)",100.0,5,15
5,32,Theta*,False,True,188.89,440.65,676.28,"(1000, 1000, 150)",100.0,5,15
7,32,Theta*,False,True,195.68,389.17,570.99,"(1000, 1000, 150)",100.0,5,15
8,32,Theta*,False,True,213.33,448.6,733.9,"(1000, 1000, 150)",100.0,5,15
6,32,Theta*,False,True,216.15,445.03,733.85,"(1000, 1000, 150)",100.0,5,15
9,32,Theta*,False,True,217.13,512.09,788.95,"(1000, 1000, 150)",100.0,5,15
3,32,Theta*,False,True,225.64,402.05,609.68,"(1000, 1000, 150)",100.0,5,15
2,32,Theta*,False,True,291.25,501.5,726.35,"(1000, 1000, 150)",100.0,5,15
4,32,Theta*,False,True,303.29,483.12,766.58,"(1000, 1000, 150)",100.0,5,15
12,32,Theta*,False,True,165.66,432.07,590.76,"(1000, 1000, 150)",100.0,5,15
11,32,Theta*,False,True,181.86,367.74,575.15,"(1000, 1000, 150)",100.0,5,15
10,32,Theta*,False,True,198.69,423.95,603.05,"(1000, 1000, 150)",100.0,5,15
13,32,Theta*,False,True,231.54,435.73,623.23,"(1000, 1000, 150)",100.0,5,15
16,32,Theta*,False,True,231.52,447.15,607.6,"(1000, 1000, 150)",100.0,5,15
18,32,Theta*,False,True,200.71,414.48,562.6,"(1000, 1000, 150)",100.0,5,15
15,32,Theta*,False,True,280.19,417.33,687.0,"(1000, 1000, 150)",100.0,5,15
17,32,Theta*,False,True,301.83,418.87,661.13,"(1000, 1000, 150)",100.0,5,15
14,32,Theta*,False,True,316.23,451.88,748.39,"(1000, 1000, 150)",100.0,5,15
19,32,Theta*,False,True,283.38,445.26,710.19,"(1000, 1000, 150)",100.0,5,15
22,32,Theta*,False,True,226.68,406.29,668.33,"(1000, 1000, 150)",100.0,5,15
21,32,Theta*,False,True,241.26,383.88,675.48,"(1000, 1000, 150)",100.0,5,15
23,32,Theta*,False,True,196.82,408.22,551.4,"(1000, 1000, 150)",100.0,5,15
20,32,Theta*,False,True,328.79,428.29,851.39,"(1000, 1000, 150)",100.0,5,15
24,32,Theta*,False,True,276.01,421.55,692.12,"(1000, 1000, 150)",100.0,5,15
27,32,Theta*,False,True,210.31,499.46,702.12,"(1000, 1000, 150)",100.0,5,15
26,32,Theta*,False,True,278.3,423.08,741.72,"(1000, 1000, 150)",100.0,5,15
32,32,Theta*,False,True,166.59,399.87,580.91,"(1000, 1000, 150)",100.0,5,15
28,32,Theta*,False,True,275.21,457.71,690.93,"(1000, 1000, 150)",100.0,5,15
29,32,Theta*,False,True,228.83,386.59,668.79,"(1000, 1000, 150)",100.0,5,15
30,32,Theta*,False,True,240.96,357.03,551.2,"(1000, 1000, 150)",100.0,5,15
25,32,Theta*,False,True,375.36,420.35,696.01,"(1000, 1000, 150)",100.0,5,15
31,32,Theta*,False,True,292.96,418.44,712.79,"(1000, 1000, 150)",100.0,5,15
33,32,Theta*,False,True,249.67,426.19,671.17,"(1000, 1000, 150)",100.0,5,15
34,32,Theta*,False,True,228.21,404.89,649.23,"(1000, 1000, 150)",100.0,5,15
36,32,Theta*,False,True,181.6,347.42,556.86,"(1000, 1000, 150)",100.0,5,15
35,32,Theta*,False,True,237.72,458.86,732.85,"(1000, 1000, 150)",100.0,5,15
37,32,Theta*,False,True,235.46,367.61,654.2,"(1000, 1000, 150)",100.0,5,15
41,32,Theta*,False,True,213.43,430.04,618.03,"(1000, 1000, 150)",100.0,5,15
45,32,Theta*,False,True,127.55,369.41,499.15,"(1000, 1000, 150)",100.0,5,15
40,32,Theta*,False,True,269.78,440.49,666.41,"(1000, 1000, 150)",100.0,5,15
42,32,Theta*,False,True,211.01,409.94,677.01,"(1000, 1000, 150)",100.0,5,15
38,32,Theta*,False,True,314.28,461.18,779.97,"(1000, 1000, 150)",100.0,5,15
39,32,Theta*,False,True,316.26,492.03,768.66,"(1000, 1000, 150)",100.0,5,15
44,32,Theta*,False,True,283.8,452.96,738.96,"(1000, 1000, 150)",100.0,5,15
43,32,Theta*,False,True,307.54,400.89,681.84,"(1000, 1000, 150)",100.0,5,15
47,32,Theta*,False,True,231.43,367.21,548.79,"(1000, 1000, 150)",100.0,5,15
46,32,Theta*,False,True,298.51,403.14,631.27,"(1000, 1000, 150)",100.0,5,15
48,32,Theta*,False,True,247.17,403.17,660.18,"(1000, 1000, 150)",100.0,5,15
50,32,Theta*,False,True,265.81,426.2,652.84,"(1000, 1000, 150)",100.0,5,15
49,32,Theta*,False,True,303.7,434.79,616.85,"(1000, 1000, 150)",100.0,5,15
57,32,Theta*,False,True,124.88,460.35,637.14,"(1000, 1000, 150)",100.0,5,15
53,32,Theta*,False,True,273.4,392.37,551.81,"(1000, 1000, 150)",100.0,5,15
54,32,Theta*,False,True,212.6,409.02,566.01,"(1000, 1000, 150)",100.0,5,15
52,32,Theta*,False,True,348.29,464.22,721.7,"(1000, 1000, 150)",100.0,5,15
56,32,Theta*,False,True,223.89,431.22,634.29,"(1000, 1000, 150)",100.0,5,15
51,32,Theta*,False,True,372.03,398.64,662.81,"(1000, 1000, 150)",100.0,5,15
55,32,Theta*,False,True,266.43,415.61,616.06,"(1000, 1000, 150)",100.0,5,15
60,32,Theta*,False,True,187.33,354.62,526.94,"(1000, 1000, 150)",100.0,5,15
62,32,Theta*,False,True,174.06,376.14,529.52,"(1000, 1000, 150)",100.0,5,15
58,32,Theta*,False,True,259.26,450.42,641.57,"(1000, 1000, 150)",100.0,5,15
59,32,Theta*,False,True,239.11,447.9,568.35,"(1000, 1000, 150)",100.0,5,15
61,32,Theta*,False,True,249.32,391.61,577.14,"(1000, 1000, 150)",100.0,5,15
66,32,Theta*,False,True,175.54,474.87,672.41,"(1000, 1000, 150)",100.0,5,15
63,32,Theta*,False,True,229.25,423.05,636.59,"(1000, 1000, 150)",100.0,5,15
67,32,Theta*,False,True,194.3,452.02,627.27,"(1000, 1000, 150)",100.0,5,15
64,32,Theta*,False,True,277.67,539.9,876.38,"(1000, 1000, 150)",100.0,5,15
68,32,Theta*,False,True,197.98,387.07,619.69,"(1000, 1000, 150)",100.0,5,15
72,32,Theta*,False,True,154.42,394.3,590.6,"(1000, 1000, 150)",100.0,5,15
65,32,Theta*,False,True,328.55,464.52,773.95,"(1000, 1000, 150)",100.0,5,15
71,32,Theta*,False,True,266.17,377.11,649.34,"(1000, 1000, 150)",100.0,5,15
69,32,Theta*,False,True,302.77,396.85,567.01,"(1000, 1000, 150)",100.0,5,15
74,32,Theta*,False,True,210.02,386.99,589.13,"(1000, 1000, 150)",100.0,5,15
70,32,Theta*,False,True,312.45,428.06,682.84,"(1000, 1000, 150)",100.0,5,15
75,32,Theta*,False,True,198.84,357.73,563.0,"(1000, 1000, 150)",100.0,5,15
73,32,Theta*,False,True,288.47,409.51,652.48,"(1000, 1000, 150)",100.0,5,15
76,32,Theta*,False,True,241.93,358.62,589.6,"(1000, 1000, 150)",100.0,5,15
78,32,Theta*,False,True,195.98,405.26,567.87,"(1000, 1000, 150)",100.0,5,15
79,32,Theta*,False,True,205.87,407.71,620.38,"(1000, 1000, 150)",100.0,5,15
80,32,Theta*,False,True,170.13,378.45,553.02,"(1000, 1000, 150)",100.0,5,15
77,32,Theta*,False,True,274.57,559.08,792.62,"(1000, 1000, 150)",100.0,5,15
82,32,Theta*,False,True,172.5,402.81,629.16,"(1000, 1000, 150)",100.0,5,15
83,32,Theta*,False,True,201.1,351.47,522.84,"(1000, 1000, 150)",100.0,5,15
81,32,Theta*,False,True,247.69,356.76,566.44,"(1000, 1000, 150)",100.0,5,15
87,32,Theta*,False,True,172.88,403.64,575.36,"(1000, 1000, 150)",100.0,5,15
85,32,Theta*,False,True,234.47,403.4,599.59,"(1000, 1000, 150)",100.0,5,15
90,32,Theta*,False,True,155.6,393.88,519.07,"(1000, 1000, 150)",100.0,5,15
84,32,Theta*,False,True,313.11,468.73,694.86,"(1000, 1000, 150)",100.0,5,15
86,32,Theta*,False,True,241.54,379.18,564.13,"(1000, 1000, 150)",100.0,5,15
88,32,Theta*,False,True,244.71,383.27,645.81,"(1000, 1000, 150)",100.0,5,15
93,32,Theta*,False,True,162.36,402.15,487.9,"(1000, 1000, 150)",100.0,5,15
89,32,Theta*,False,True,265.2,442.48,707.83,"(1000, 1000, 150)",100.0,5,15
91,32,Theta*,False,True,280.01,406.24,599.84,"(1000, 1000, 150)",100.0,5,15
92,32,Theta*,False,True,270.57,406.82,574.39,"(1000, 1000, 150)",100.0,5,15
94,32,Theta*,False,True,219.65,447.98,790.86,"(1000, 1000, 150)",100.0,5,15
98,32,Theta*,False,True,212.66,448.44,629.34,"(1000, 1000, 150)",100.0,5,15
100,32,Theta*,False,True,152.88,387.07,480.09,"(1000, 1000, 150)",100.0,5,15
99,32,Theta*,False,True,186.82,374.75,564.09,"(1000, 1000, 150)",100.0,5,15
97,32,Theta*,False,True,248.83,418.63,655.13,"(1000, 1000, 150)",100.0,5,15
96,32,Theta*,False,True,259.07,387.56,600.97,"(1000, 1000, 150)",100.0,5,15
95,32,Theta*,False,True,282.95,466.09,631.17,"(1000, 1000, 150)",100.0,5,15
101,32,Theta*,False,True,233.73,420.01,766.97,"(1000, 1000, 150)",100.0,5,15
102,32,Theta*,False,True,266.35,364.21,547.08,"(1000, 1000, 150)",100.0,5,15
104,32,Theta*,False,True,232.43,420.9,640.64,"(1000, 1000, 150)",100.0,5,15
103,32,Theta*,False,True,289.05,438.62,703.43,"(1000, 1000, 150)",100.0,5,15
105,32,Theta*,False,True,232.43,401.35,575.54,"(1000, 1000, 150)",100.0,5,15
106,32,Theta*,False,True,228.82,474.44,646.3,"(1000, 1000, 150)",100.0,5,15
108,32,Theta*,False,True,227.25,391.95,524.39,"(1000, 1000, 150)",100.0,5,15
109,32,Theta*,False,True,233.2,400.5,617.01,"(1000, 1000, 150)",100.0,5,15
110,32,Theta*,False,True,240.79,452.22,646.62,"(1000, 1000, 150)",100.0,5,15
107,32,Theta*,False,True,284.05,413.85,636.54,"(1000, 1000, 150)",100.0,5,15
113,32,Theta*,False,True,172.33,343.53,474.89,"(1000, 1000, 150)",100.0,5,15
111,32,Theta*,False,True,318.83,374.89,584.03,"(1000, 1000, 150)",100.0,5,15
118,32,Theta*,False,True,174.7,383.35,534.27,"(1000, 1000, 150)",100.0,5,15
112,32,Theta*,False,True,273.58,402.71,577.99,"(1000, 1000, 150)",100.0,5,15
114,32,Theta*,False,True,221.36,467.88,661.05,"(1000, 1000, 150)",100.0,5,15
116,32,Theta*,False,True,222.77,400.99,617.8,"(1000, 1000, 150)",100.0,5,15
119,32,Theta*,False,True,233.61,400.91,600.6,"(1000, 1000, 150)",100.0,5,15
117,32,Theta*,False,True,259.84,402.37,628.1,"(1000, 1000, 150)",100.0,5,15
115,32,Theta*,False,True,296.8,363.12,638.42,"(1000, 1000, 150)",100.0,5,15
120,32,Theta*,False,True,256.74,397.2,686.44,"(1000, 1000, 150)",100.0,5,15
121,32,Theta*,False,True,241.95,422.53,696.97,"(1000, 1000, 150)",100.0,5,15
123,32,Theta*,False,True,241.31,457.16,713.37,"(1000, 1000, 150)",100.0,5,15
122,32,Theta*,False,True,247.82,345.29,563.4,"(1000, 1000, 150)",100.0,5,15
127,32,Theta*,False,True,195.17,398.33,577.29,"(1000, 1000, 150)",100.0,5,15
126,32,Theta*,False,True,250.78,367.75,527.44,"(1000, 1000, 150)",100.0,5,15
125,32,Theta*,False,True,270.63,348.41,675.68,"(1000, 1000, 150)",100.0,5,15
129,32,Theta*,False,True,238.76,416.23,626.81,"(1000, 1000, 150)",100.0,5,15
128,32,Theta*,False,True,314.47,357.13,640.76,"(1000, 1000, 150)",100.0,5,15
130,32,Theta*,False,True,292.3,455.92,731.28,"(1000, 1000, 150)",100.0,5,15
132,32,Theta*,False,True,184.93,319.29,479.42,"(1000, 1000, 150)",100.0,5,15
131,32,Theta*,False,True,265.97,438.1,672.51,"(1000, 1000, 150)",100.0,5,15
136,32,Theta*,False,True,229.7,477.9,626.09,"(1000, 1000, 150)",100.0,5,15
135,32,Theta*,False,True,262.23,344.06,554.49,"(1000, 1000, 150)",100.0,5,15
134,32,Theta*,False,True,288.03,398.7,630.83,"(1000, 1000, 150)",100.0,5,15
138,32,Theta*,False,True,183.12,351.77,508.46,"(1000, 1000, 150)",100.0,5,15
133,32,Theta*,False,False,339.84,inf,inf,"(1000, 1000, 150)",100.0,5,15
139,32,Theta*,False,True,180.44,428.57,630.05,"(1000, 1000, 150)",100.0,5,15
137,32,Theta*,False,True,253.01,437.15,730.77,"(1000, 1000, 150)",100.0,5,15
142,32,Theta*,False,True,114.67,391.98,553.54,"(1000, 1000, 150)",100.0,5,15
143,32,Theta*,False,True,150.29,467.73,569.27,"(1000, 1000, 150)",100.0,5,15
140,32,Theta*,False,True,278.62,421.56,706.54,"(1000, 1000, 150)",100.0,5,15
124,32,Theta*,True,False,699.27,414.18,558.02,"(1000, 1000, 150)",100.0,5,15
141,32,Theta*,False,True,331.05,464.47,726.41,"(1000, 1000, 150)",100.0,5,15
144,32,Theta*,False,True,218.29,462.19,573.53,"(1000, 1000, 150)",100.0,5,15
145,32,Theta*,False,True,214.18,377.29,659.38,"(1000, 1000, 150)",100.0,5,15
146,32,Theta*,False,True,233.67,426.4,625.99,"(1000, 1000, 150)",100.0,5,15
150,32,Theta*,False,True,133.71,381.9,514.46,"(1000, 1000, 150)",100.0,5,15
148,32,Theta*,False,True,275.27,386.06,648.45,"(1000, 1000, 150)",100.0,5,15
152,32,Theta*,False,True,187.3,321.81,562.03,"(1000, 1000, 150)",100.0,5,15
147,32,Theta*,False,True,308.61,451.25,681.75,"(1000, 1000, 150)",100.0,5,15
151,32,Theta*,False,True,252.47,403.86,662.28,"(1000, 1000, 150)",100.0,5,15
149,32,Theta*,False,True,334.09,472.23,641.99,"(1000, 1000, 150)",100.0,5,15
157,32,Theta*,False,True,137.3,371.45,533.74,"(1000, 1000, 150)",100.0,5,15
154,32,Theta*,False,True,238.52,420.5,608.87,"(1000, 1000, 150)",100.0,5,15
153,32,Theta*,False,True,258.49,392.42,629.22,"(1000, 1000, 150)",100.0,5,15
155,32,Theta*,False,True,247.59,430.15,665.04,"(1000, 1000, 150)",100.0,5,15
156,32,Theta*,False,True,245.13,377.21,671.55,"(1000, 1000, 150)",100.0,5,15
158,32,Theta*,False,True,201.46,390.52,567.95,"(1000, 1000, 150)",100.0,5,15
159,32,Theta*,False,True,201.38,396.05,621.06,"(1000, 1000, 150)",100.0,5,15
162,32,Theta*,False,True,190.79,333.43,559.99,"(1000, 1000, 150)",100.0,5,15
163,32,Theta*,False,True,215.87,380.93,531.34,"(1000, 1000, 150)",100.0,5,15
160,32,Theta*,False,True,284.98,403.05,593.59,"(1000, 1000, 150)",100.0,5,15
161,32,Theta*,False,True,265.74,401.54,597.1,"(1000, 1000, 150)",100.0,5,15
167,32,Theta*,False,True,210.76,412.51,593.08,"(1000, 1000, 150)",100.0,5,15
168,32,Theta*,False,True,210.45,428.64,719.87,"(1000, 1000, 150)",100.0,5,15
165,32,Theta*,False,True,259.67,450.29,752.43,"(1000, 1000, 150)",100.0,5,15
164,32,Theta*,False,True,288.32,387.93,662.0,"(1000, 1000, 150)",100.0,5,15
166,32,Theta*,False,True,260.56,372.93,682.82,"(1000, 1000, 150)",100.0,5,15
169,32,Theta*,False,True,220.69,371.24,579.45,"(1000, 1000, 150)",100.0,5,15
170,32,Theta*,False,True,237.05,426.4,628.83,"(1000, 1000, 150)",100.0,5,15
171,32,Theta*,False,True,217.38,348.85,580.47,"(1000, 1000, 150)",100.0,5,15
173,32,Theta*,False,True,184.06,422.64,602.33,"(1000, 1000, 150)",100.0,5,15
174,32,Theta*,False,True,188.83,381.74,557.95,"(1000, 1000, 150)",100.0,5,15
172,32,Theta*,False,True,296.33,379.87,664.31,"(1000, 1000, 150)",100.0,5,15
175,32,Theta*,False,True,202.04,341.0,539.97,"(1000, 1000, 150)",100.0,5,15
176,32,Theta*,False,True,204.24,452.03,640.12,"(1000, 1000, 150)",100.0,5,15
177,32,Theta*,False,True,240.59,386.72,631.4,"(1000, 1000, 150)",100.0,5,15
182,32,Theta*,False,True,185.66,334.73,625.6,"(1000, 1000, 150)",100.0,5,15
179,32,Theta*,False,True,277.98,385.45,644.63,"(1000, 1000, 150)",100.0,5,15
178,32,Theta*,False,True,313.28,457.82,649.08,"(1000, 1000, 150)",100.0,5,15
181,32,Theta*,False,True,260.69,417.82,591.04,"(1000, 1000, 150)",100.0,5,15
180,32,Theta*,False,True,293.9,432.04,704.2,"(1000, 1000, 150)",100.0,5,15
186,32,Theta*,False,True,214.98,384.94,610.76,"(1000, 1000, 150)",100.0,5,15
184,32,Theta*,False,True,231.16,505.62,736.0,"(1000, 1000, 150)",100.0,5,15
185,32,Theta*,False,True,242.43,346.45,603.95,"(1000, 1000, 150)",100.0,5,15
189,32,Theta*,False,True,177.52,383.55,533.95,"(1000, 1000, 150)",100.0,5,15
183,32,Theta*,False,True,347.67,444.77,678.62,"(1000, 1000, 150)",100.0,5,15
191,32,Theta*,False,True,159.91,404.59,543.98,"(1000, 1000, 150)",100.0,5,15
188,32,Theta*,False,True,222.9,378.56,589.43,"(1000, 1000, 150)",100.0,5,15
190,32,Theta*,False,True,238.44,458.67,627.38,"(1000, 1000, 150)",100.0,5,15
187,32,Theta*,False,True,320.15,380.12,651.6,"(1000, 1000, 150)",100.0,5,15
193,32,Theta*,False,True,186.66,372.89,489.27,"(1000, 1000, 150)",100.0,5,15
192,32,Theta*,False,True,278.44,470.62,746.73,"(1000, 1000, 150)",100.0,5,15
194,32,Theta*,False,True,254.68,390.79,630.84,"(1000, 1000, 150)",100.0,5,15
197,32,Theta*,False,True,210.13,368.69,634.52,"(1000, 1000, 150)",100.0,5,15
196,32,Theta*,False,True,280.57,444.16,679.63,"(1000, 1000, 150)",100.0,5,15
195,32,Theta*,False,True,339.92,454.93,681.74,"(1000, 1000, 150)",100.0,5,15
199,32,Theta*,False,True,262.66,401.44,729.5,"(1000, 1000, 150)",100.0,5,15
198,32,Theta*,False,True,264.31,426.43,616.41,"(1000, 1000, 150)",100.0,5,15
